,Cidade,UF,CÃ³digo,Latitude,Longitude,Altitude,geometry,Dis_1,Viz_1,Dis_2,Viz_2,Dis_3,Viz_3,Dis_4,Viz_4,Dis_5,Viz_5,Dis_6,Viz_6,Dis_7,Viz_7,Dis_8,Viz_8,Dis_9,Viz_9,Dis_10,Viz_10
0,ARCO VERDE,PE,A309,-8.41694443,-37.08333333,680.7,POINT (-37.08333333 -8.41694443),,A872,,A214,,A204,,A112,,A035,,A215,,A529,,A535,,A803,,A126
1,VENTANIA,PR,A872,-24.23833333,-50.24555555,1106,POINT (-50.24555555 -24.23833333),,A872,,A214,,A204,,A112,,A035,,A215,,A529,,A535,,A803,,A126
2,RONDON DO PARA,PA,A214,-4.82749999,-48.17333332,203,POINT (-48.17333332 -4.82749999),,A872,,A214,,A204,,A112,,A035,,A215,,A529,,A535,,A803,,A126
3,BALSAS,MA,A204,-7.45527777,-46.02749999,254,POINT (-46.02749999 -7.45527777),,A872,,A214,,A204,,A112,,A035,,A215,,A529,,A535,,A803,,A126
4,HUMAITA,AM,A112,-7.92277777,-63.12138888,72,POINT (-63.12138888 -7.92277777),,A872,,A214,,A204,,A112,,A035,,A215,,A529,,A535,,A803,,A126
5,ITUMBIARA,GO,A035,-18.40972222,-49.19194444,488,POINT (-49.19194444 -18.40972222),,A872,,A214,,A204,,A112,,A035,,A215,,A529,,A535,,A803,,A126
6,SALINOPOLIS,PA,A215,-.6186111,-47.35666666,41,POINT (-47.35666666 -0.6186111),,A872,,A214,,A204,,A112,,A035,,A215,,A529,,A535,,A803,,A126
7,PASSA QUATRO,MG,A529,-22.3961111,-44.96166666,1040,POINT (-44.96166666 -22.3961111),,A872,,A214,,A204,,A112,,A035,,A215,,A529,,A535,,A803,,A126
8,FLORESTAL,MG,A535,-19.88527778,-44.41694444,750,POINT (-44.41694444 -19.88527778),,A872,,A214,,A204,,A112,,A035,,A215,,A529,,A535,,A803,,A126
9,SANTA MARIA,RS,A803,-29.70833333,-53.70361111,95,POINT (-53.70361111 -29.70833333),,A872,,A214,,A204,,A112,,A035,,A215,,A529,,A535,,A803,,A126
10,PRESIDENTE FIGUEIREDO,AM,A126,-2.08499999,-60.04888888,92,POINT (-60.04888888 -2.08499999),,A872,,A214,,A204,,A112,,A035,,A215,,A529,,A535,,A803,,A126
11,JAGUARAO,RS,A836,-32.53749999,-53.37638888,47,POINT (-53.37638888 -32.53749999),,A872,,A214,,A204,,A112,,A035,,A215,,A529,,A535,,A803,,A126
12,SAO MIGUEL ARCANJO,SP,A715,-23.85138888,-48.16444444,678,POINT (-48.16444444 -23.85138888),,A872,,A214,,A204,,A112,,A035,,A215,,A529,,A535,,A803,,A126
13,FORTALEZA,CE,A305,-3.83222221,-38.53777777,26.45,POINT (-38.53777777 -3.83222221),,A872,,A214,,A204,,A112,,A035,,A215,,A529,,A535,,A803,,A126
14,UBERLANDIA,MG,A507,-18.91722221,-48.25555555,869,POINT (-48.25555555 -18.91722221),,A872,,A214,,A204,,A112,,A035,,A215,,A529,,A535,,A803,,A126
15,Laguna  - Farol de Santa Marta,SC,A866,-28.60416666,-48.81333333,52,POINT (-48.81333333 -28.60416666),,A872,,A214,,A204,,A112,,A035,,A215,,A529,,A535,,A803,,A126
16,NOVO HORIZONTE,SC,A816,-26.40694444,-52.85055555,960,POINT (-52.85055555 -26.40694444),,A872,,A214,,A204,,A112,,A035,,A215,,A529,,A535,,A803,,A126
17,CRISTALINA,GO,A036,-16.78805555,-47.61166666,1202,POINT (-47.61166666 -16.78805555),,A872,,A214,,A204,,A112,,A035,,A215,,A529,,A535,,A803,,A126
18,OIAPOQUE,AP,A242,3.81361111,-51.8625,21,POINT (-51.8625 3.81361111),,A872,,A214,,A204,,A112,,A035,,A215,,A529,,A535,,A803,,A126
19,JAGUARUANA,CE,A339,-4.85333333,-37.77694443,12,POINT (-37.77694443 -4.85333333),,A872,,A214,,A204,,A112,,A035,,A215,,A529,,A535,,A803,,A126
20,BREJO GRANDE,SE,A421,-10.47944443,-36.48194443,6.11,POINT (-36.48194443 -10.47944443),,A872,,A214,,A204,,A112,,A035,,A215,,A529,,A535,,A803,,A126
21,TUCURUI,PA,A229,-3.82277777,-49.67499999,148,POINT (-49.67499999 -3.82277777),,A872,,A214,,A204,,A112,,A035,,A215,,A529,,A535,,A803,,A126
22,OURO BRANCO,MG,A513,-20.54583333,-43.76944443,1061,POINT (-43.76944443 -20.54583333),,A872,,A214,,A204,,A112,,A035,,A215,,A529,,A535,,A803,,A126
23,TRES MARIAS,MG,A528,-18.20055555,-45.45972222,921,POINT (-45.45972222 -18.20055555),,A872,,A214,,A204,,A112,,A035,,A215,,A529,,A535,,A803,,A126
24,ARAPIRACA,AL,A353,-9.80416666,-36.61888888,241,POINT (-36.61888888 -9.80416666),,A872,,A214,,A204,,A112,,A035,,A215,,A529,,A535,,A803,,A126
25,GOIANESIA,GO,A022,-15.22027777,-48.99027777,667,POINT (-48.99027777 -15.22027777),,A872,,A214,,A204,,A112,,A035,,A215,,A529,,A535,,A803,,A126
26,PARINTINS,AM,A123,-2.64055555,-56.75472222,52,POINT (-56.75472222 -2.64055555),,A872,,A214,,A204,,A112,,A035,,A215,,A529,,A535,,A803,,A126
27,SAO MATEUS,ES,A616,-18.71388888,-39.84833333,39,POINT (-39.84833333 -18.71388888),,A872,,A214,,A204,,A112,,A035,,A215,,A529,,A535,,A803,,A126
28,AMAMBAI,MS,A750,-23.0025,-55.32944443,431,POINT (-55.32944443 -23.0025),,A872,,A214,,A204,,A112,,A035,,A215,,A529,,A535,,A803,,A126
29,AUTAZES,AM,A120,-2.05638888,-60.02555554,78,POINT (-60.02555554 -2.05638888),,A872,,A214,,A204,,A112,,A035,,A215,,A529,,A535,,A803,,A126
30,VALENCA,BA,A444,-13.3436111,-39.12666666,105,POINT (-39.12666666 -13.3436111),,A872,,A214,,A204,,A112,,A035,,A215,,A529,,A535,,A803,,A126
31,CAICO,RN,A316,-6.45972222,-37.08888888,169.85,POINT (-37.08888888 -6.45972222),,A872,,A214,,A204,,A112,,A035,,A215,,A529,,A535,,A803,,A126
32,PASSOS,MG,A516,-20.74499999,-46.63388888,784,POINT (-46.63388888 -20.74499999),,A872,,A214,,A204,,A112,,A035,,A215,,A529,,A535,,A803,,A126
33,PICOS,PI,A343,-7.07083332,-41.40416666,233,POINT (-41.40416666 -7.07083332),,A872,,A214,,A204,,A112,,A035,,A215,,A529,,A535,,A803,,A126
34,RIO BRILHANTE,MS,A743,-21.77472221,-54.52805554,329,POINT (-54.52805554 -21.77472221),,A872,,A214,,A204,,A112,,A035,,A215,,A529,,A535,,A803,,A126
35,CORUMBA,MS,A724,-18.99666666,-57.63749999,126,POINT (-57.63749999 -18.99666666),,A872,,A214,,A204,,A112,,A035,,A215,,A529,,A535,,A803,,A126
36,GUARDA-MOR,MG,A546,-17.56166666,-47.19944444,616,POINT (-47.19944444 -17.56166666),,A872,,A214,,A204,,A112,,A035,,A215,,A529,,A535,,A803,,A126
37,SAO MIGUEL DO OESTE,SC,A857,-26.77666666,-53.50444444,665,POINT (-53.50444444 -26.77666666),,A872,,A214,,A204,,A112,,A035,,A215,,A529,,A535,,A803,,A126
38,XEREM,RJ,A603,-22.58972221,-43.28222221,33,POINT (-43.28222221 -22.58972221),,A872,,A214,,A204,,A112,,A035,,A215,,A529,,A535,,A803,,A126
39,PORTO WALTER,AC,A136,-8.26694443,-72.74777777,204,POINT (-72.74777777 -8.26694443),,A872,,A214,,A204,,A112,,A035,,A215,,A529,,A535,,A803,,A126
40,NATAL,RN,A304,-5.9,-35.2,48.6,POINT (-35.2 -5.9),,A872,,A214,,A204,,A112,,A035,,A215,,A529,,A535,,A803,,A126
41,CAMPOS SALES,CE,A347,-7.07805554,-40.36305555,572,POINT (-40.36305555 -7.07805554),,A872,,A214,,A204,,A112,,A035,,A215,,A529,,A535,,A803,,A126
42,PARQUE ESTADUAL CHANDLESS,AC,A102,-9.3575,-69.92722221,187,POINT (-69.92722221 -9.3575),,A872,,A214,,A204,,A112,,A035,,A215,,A529,,A535,,A803,,A126
43,BOCA DO ACRE,AM,A110,-8.77666666,-67.33222221,111,POINT (-67.33222221 -8.77666666),,A872,,A214,,A204,,A112,,A035,,A215,,A529,,A535,,A803,,A126
44,EIRUNEPE,AM,A109,-6.65027777,-69.86694443,143,POINT (-69.86694443 -6.65027777),,A872,,A214,,A204,,A112,,A035,,A215,,A529,,A535,,A803,,A126
45,COSTA RICA,MS,A760,-18.82277777,-53.26722221,730,POINT (-53.26722221 -18.82277777),,A872,,A214,,A204,,A112,,A035,,A215,,A529,,A535,,A803,,A126
46,FAROL de SANTANA,MA,A217,-2.27083332,-43.62388888,8,POINT (-43.62388888 -2.27083332),,A872,,A214,,A204,,A112,,A035,,A215,,A529,,A535,,A803,,A126
47,SAO CARLOS,SP,A711,-21.97972221,-47.88333333,863,POINT (-47.88333333 -21.97972221),,A872,,A214,,A204,,A112,,A035,,A215,,A529,,A535,,A803,,A126
48,RECIFE,PE,A301,-8.05916666,-34.95944444,10,POINT (-34.95944444 -8.05916666),,A872,,A214,,A204,,A112,,A035,,A215,,A529,,A535,,A803,,A126
49,VILHENA,RO,A938,-12.73472221,-60.15777777,590,POINT (-60.15777777 -12.73472221),,A872,,A214,,A204,,A112,,A035,,A215,,A529,,A535,,A803,,A126
50,ESPINOSA,MG,A543,-14.91277777,-42.82972221,569.64,POINT (-42.82972221 -14.91277777),,A872,,A214,,A204,,A112,,A035,,A215,,A529,,A535,,A803,,A126
51,SENHOR DO BONFIM,BA,A428,-10.44305555,-40.14833333,539,POINT (-40.14833333 -10.44305555),,A872,,A214,,A204,,A112,,A035,,A215,,A529,,A535,,A803,,A126
52,VITORIA,ES,A612,-20.26666666,-40.3,9,POINT (-40.3 -20.26666666),,A872,,A214,,A204,,A112,,A035,,A215,,A529,,A535,,A803,,A126
53,LAGOA VERMELHA,RS,A844,-28.22194443,-51.51222222,842.58,POINT (-51.51222222 -28.22194443),,A872,,A214,,A204,,A112,,A035,,A215,,A529,,A535,,A803,,A126
54,MONTES CLAROS,MG,A506,-16.71666666,-43.86666666,646.29,POINT (-43.86666666 -16.71666666),,A872,,A214,,A204,,A112,,A035,,A215,,A529,,A535,,A803,,A126
55,PIRACICABA,SP,A726,-22.70277777,-47.62305554,573,POINT (-47.62305554 -22.70277777),,A872,,A214,,A204,,A112,,A035,,A215,,A529,,A535,,A803,,A126
56,QUEIMADAS,BA,A436,-10.98472221,-39.61694443,315,POINT (-39.61694443 -10.98472221),,A872,,A214,,A204,,A112,,A035,,A215,,A529,,A535,,A803,,A126
57,FORMIGA,MG,A524,-20.45472222,-45.45388888,873,POINT (-45.45388888 -20.45472222),,A872,,A214,,A204,,A112,,A035,,A215,,A529,,A535,,A803,,A126
58,SERRA DOS CARAJAS,PA,A230,-6.07749999,-50.14222221,719,POINT (-50.14222221 -6.07749999),,A872,,A214,,A204,,A112,,A035,,A215,,A529,,A535,,A803,,A126
59,SETE QUEDAS,MS,A751,-23.96694443,-55.02416666,402,POINT (-55.02416666 -23.96694443),,A872,,A214,,A204,,A112,,A035,,A215,,A529,,A535,,A803,,A126
60,FEIRA DE SANTANA,BA,A413,-12.19583333,-38.96722221,231,POINT (-38.96722221 -12.19583333),,A872,,A214,,A204,,A112,,A035,,A215,,A529,,A535,,A803,,A126
61,SERRA TALHADA,PE,A350,-7.95361111,-38.29472221,461,POINT (-38.29472221 -7.95361111),,A872,,A214,,A204,,A112,,A035,,A215,,A529,,A535,,A803,,A126
62,ABROLHOS,BA,A422,-17.96416666,-38.6961111,25,POINT (-38.6961111 -17.96416666),,A872,,A214,,A204,,A112,,A035,,A215,,A529,,A535,,A803,,A126
63,CONCEICAO DO ARAGUAIA,PA,A241,-8.25916666,-49.27416666,180,POINT (-49.27416666 -8.25916666),,A872,,A214,,A204,,A112,,A035,,A215,,A529,,A535,,A803,,A126
64,MANAUS,AM,A101,-3.10333333,-60.01638888,61.25,POINT (-60.01638888 -3.10333333),,A872,,A214,,A204,,A112,,A035,,A215,,A529,,A535,,A803,,A126
65,CATALAO,GO,A034,-18.15777777,-47.92638888,890,POINT (-47.92638888 -18.15777777),,A872,,A214,,A204,,A112,,A035,,A215,,A529,,A535,,A803,,A126
66,COTRIGUACU,MT,A919,-9.90611111,-58.57194443,261,POINT (-58.57194443 -9.90611111),,A872,,A214,,A204,,A112,,A035,,A215,,A529,,A535,,A803,,A126
67,PATROCINIO,MG,A523,-18.99638888,-46.98583333,976,POINT (-46.98583333 -18.99638888),,A872,,A214,,A204,,A112,,A035,,A215,,A529,,A535,,A803,,A126
68,TAUBATE,SP,A728,-23.04194444,-45.52027777,571,POINT (-45.52027777 -23.04194444),,A872,,A214,,A204,,A112,,A035,,A215,,A529,,A535,,A803,,A126
69,PEDRO AFONSO,TO,A020,-8.9686111,-48.19416666,189,POINT (-48.19416666 -8.9686111),,A872,,A214,,A204,,A112,,A035,,A215,,A529,,A535,,A803,,A126
70,PALMEIRA DAS MISSOES,RS,A856,-27.92166666,-53.31694443,631,POINT (-53.31694443 -27.92166666),,A872,,A214,,A204,,A112,,A035,,A215,,A529,,A535,,A803,,A126
71,IBIRITE (ROLA MOCA),MG,A555,-20.0311111,-44.01111111,1208,POINT (-44.01111111 -20.0311111),,A872,,A214,,A204,,A112,,A035,,A215,,A529,,A535,,A803,,A126
72,APIACAS,MT,A910,-9.56388888,-57.3936111,220,POINT (-57.3936111 -9.56388888),,A872,,A214,,A204,,A112,,A035,,A215,,A529,,A535,,A803,,A126
73,IBIRUBA,RS,A883,-28.65333333,-53.11194444,456,POINT (-53.11194444 -28.65333333),,A872,,A214,,A204,,A112,,A035,,A215,,A529,,A535,,A803,,A126
74,LINHARES,ES,A614,-19.35694444,-40.0686111,40,POINT (-40.0686111 -19.35694444),,A872,,A214,,A204,,A112,,A035,,A215,,A529,,A535,,A803,,A126
75,AMARGOSA,BA,A434,-13.00944444,-39.61694443,407,POINT (-39.61694443 -13.00944444),,A872,,A214,,A204,,A112,,A035,,A215,,A529,,A535,,A803,,A126
76,SURUBIM,PE,A328,-7.83694444,-35.7961111,418,POINT (-35.7961111 -7.83694444),,A872,,A214,,A204,,A112,,A035,,A215,,A529,,A535,,A803,,A126
77,SANTANA DO LIVRAMENTO,RS,A804,-30.84249999,-55.61277777,196,POINT (-55.61277777 -30.84249999),,A872,,A214,,A204,,A112,,A035,,A215,,A529,,A535,,A803,,A126
78,MARECHAL THAUMATURGO,AC,A137,-8.95,-72.78666666,230,POINT (-72.78666666 -8.95),,A872,,A214,,A204,,A112,,A035,,A215,,A529,,A535,,A803,,A126
79,MONTALVANIA,MG,A526,-15.08583333,-44.01583333,512,POINT (-44.01583333 -15.08583333),,A872,,A214,,A204,,A112,,A035,,A215,,A529,,A535,,A803,,A126
80,ARARANGUA,SC,A867,-28.93138888,-49.49805555,12,POINT (-49.49805555 -28.93138888),,A872,,A214,,A204,,A112,,A035,,A215,,A529,,A535,,A803,,A126
81,MORADA NOVA,CE,A332,-5.13638888,-38.35638888,43.6,POINT (-38.35638888 -5.13638888),,A872,,A214,,A204,,A112,,A035,,A215,,A529,,A535,,A803,,A126
82,ALTO PARAISO DE GOIAS,GO,A024,-14.13305554,-47.52305554,1260,POINT (-47.52305554 -14.13305554),,A872,,A214,,A204,,A112,,A035,,A215,,A529,,A535,,A803,,A126
83,ITAPIPOCA,CE,A359,-3.48388888,-39.58833333,102,POINT (-39.58833333 -3.48388888),,A872,,A214,,A204,,A112,,A035,,A215,,A529,,A535,,A803,,A126
84,GOIAS,GO,A014,-15.93916666,-50.14138888,512,POINT (-50.14138888 -15.93916666),,A872,,A214,,A204,,A112,,A035,,A215,,A529,,A535,,A803,,A126
85,PARANATINGA,MT,A915,-14.42138888,-54.03527777,474,POINT (-54.03527777 -14.42138888),,A872,,A214,,A204,,A112,,A035,,A215,,A529,,A535,,A803,,A126
86,CAPELINHA,MG,A541,-17.70527777,-42.38916666,948,POINT (-42.38916666 -17.70527777),,A872,,A214,,A204,,A112,,A035,,A215,,A529,,A535,,A803,,A126
87,ITAQUIRAI,MS,A752,-23.44944444,-54.18166666,336,POINT (-54.18166666 -23.44944444),,A872,,A214,,A204,,A112,,A035,,A215,,A529,,A535,,A803,,A126
88,CURITIBANOS,SC,A860,-27.2886111,-50.60416666,860,POINT (-50.60416666 -27.2886111),,A872,,A214,,A204,,A112,,A035,,A215,,A529,,A535,,A803,,A126
89,MOSTARDAS,RS,A878,-31.24777777,-50.90555555,10,POINT (-50.90555555 -31.24777777),,A872,,A214,,A204,,A112,,A035,,A215,,A529,,A535,,A803,,A126
90,DOURADOS,MS,A721,-22.19388888,-54.91138888,469,POINT (-54.91138888 -22.19388888),,A872,,A214,,A204,,A112,,A035,,A215,,A529,,A535,,A803,,A126
91,VOTUPORANGA,SP,A729,-20.40305555,-49.96583333,465,POINT (-49.96583333 -20.40305555),,A872,,A214,,A204,,A112,,A035,,A215,,A529,,A535,,A803,,A126
92,Santa Vitoria do Palmar - Barra do Chui,RS,A899,-33.74166666,-53.37138888,26,POINT (-53.37138888 -33.74166666),,A872,,A214,,A204,,A112,,A035,,A215,,A529,,A535,,A803,,A126
93,SAO GONCALO,PB,A333,-6.75666666,-38.22749999,233.06,POINT (-38.22749999 -6.75666666),,A872,,A214,,A204,,A112,,A035,,A215,,A529,,A535,,A803,,A126
94,PARAUNA,GO,A027,-16.94583333,-50.42527777,678,POINT (-50.42527777 -16.94583333),,A872,,A214,,A204,,A112,,A035,,A215,,A529,,A535,,A803,,A126
95,MARACAJU,MS,A731,-21.60916666,-55.17777777,400,POINT (-55.17777777 -21.60916666),,A872,,A214,,A204,,A112,,A035,,A215,,A529,,A535,,A803,,A126
96,NOVO REPARTIMENTO,PA,A235,-4.23444444,-49.94277777,106,POINT (-49.94277777 -4.23444444),,A872,,A214,,A204,,A112,,A035,,A215,,A529,,A535,,A803,,A126
97,SINOP,MT,A917,-11.98222221,-55.56583333,371,POINT (-55.56583333 -11.98222221),,A872,,A214,,A204,,A112,,A035,,A215,,A529,,A535,,A803,,A126
98,CARUARU,PE,A341,-8.2361111,-35.98583333,550,POINT (-35.98583333 -8.2361111),,A872,,A214,,A204,,A112,,A035,,A215,,A529,,A535,,A803,,A126
99,CIDADE GAUCHA,PR,A869,-23.37583332,-52.93194443,381,POINT (-52.93194443 -23.37583332),,A872,,A214,,A204,,A112,,A035,,A215,,A529,,A535,,A803,,A126
100,TAUA,CE,A324,-6.01666666,-40.28166666,415,POINT (-40.28166666 -6.01666666),,A872,,A214,,A204,,A112,,A035,,A215,,A529,,A535,,A803,,A126
101,BRAGANCA,PA,A226,-1.04527777,-46.78277777,33,POINT (-46.78277777 -1.04527777),,A872,,A214,,A204,,A112,,A035,,A215,,A529,,A535,,A803,,A126
102,MINEIROS,GO,A026,-17.45472222,-52.60111111,862,POINT (-52.60111111 -17.45472222),,A872,,A214,,A204,,A112,,A035,,A215,,A529,,A535,,A803,,A126
103,BENTO GONCALVES,RS,A840,-29.16722221,-51.53472221,640,POINT (-51.53472221 -29.16722221),,A872,,A214,,A204,,A112,,A035,,A215,,A529,,A535,,A803,,A126
104,DIANOPOLIS,TO,A038,-11.59416666,-46.84722221,732,POINT (-46.84722221 -11.59416666),,A872,,A214,,A204,,A112,,A035,,A215,,A529,,A535,,A803,,A126
105,GRAJAU,MA,A207,-5.82472221,-46.15944444,230,POINT (-46.15944444 -5.82472221),,A872,,A214,,A204,,A112,,A035,,A215,,A529,,A535,,A803,,A126
106,ARAGUATINS,TO,A044,-5.6436111,-48.11166666,117,POINT (-48.11166666 -5.6436111),,A872,,A214,,A204,,A112,,A035,,A215,,A529,,A535,,A803,,A126
107,RIO GRANDE,RS,A802,-32.03333333,-52.1,2.46,POINT (-52.1 -32.03333333),,A872,,A214,,A204,,A112,,A035,,A215,,A529,,A535,,A803,,A126
108,VALENCA,RJ,A611,-22.35,-43.7,367,POINT (-43.7 -22.35),,A872,,A214,,A204,,A112,,A035,,A215,,A529,,A535,,A803,,A126
109,JATAI,GO,A016,-17.92388888,-51.71777777,582,POINT (-51.71777777 -17.92388888),,A872,,A214,,A204,,A112,,A035,,A215,,A529,,A535,,A803,,A126
110,MANHUACU,MG,A556,-20.26361111,-42.18277777,836,POINT (-42.18277777 -20.26361111),,A872,,A214,,A204,,A112,,A035,,A215,,A529,,A535,,A803,,A126
111,ALMENARA,MG,A508,-16.16666666,-40.68777777,194,POINT (-40.68777777 -16.16666666),,A872,,A214,,A204,,A112,,A035,,A215,,A529,,A535,,A803,,A126
112,PAO DE ACUCAR,AL,A323,-9.76583333,-37.44777777,19,POINT (-37.44777777 -9.76583333),,A872,,A214,,A204,,A112,,A035,,A215,,A529,,A535,,A803,,A126
113,JUTI,MS,A749,-22.85722222,-54.60555555,379,POINT (-54.60555555 -22.85722222),,A872,,A214,,A204,,A112,,A035,,A215,,A529,,A535,,A803,,A126
114,GARANHUNS,PE,A322,-8.90694444,-36.49472221,822.76,POINT (-36.49472221 -8.90694444),,A872,,A214,,A204,,A112,,A035,,A215,,A529,,A535,,A803,,A126
115,EUCLIDES DA CUNHA,BA,A442,-10.53722221,-38.99666666,430,POINT (-38.99666666 -10.53722221),,A872,,A214,,A204,,A112,,A035,,A215,,A529,,A535,,A803,,A126
116,PLANALTO,PR,A855,-25.72194443,-53.74805555,398,POINT (-53.74805555 -25.72194443),,A872,,A214,,A204,,A112,,A035,,A215,,A529,,A535,,A803,,A126
117,PAMPULHA,MG,A521,-19.88416666,-43.96944443,869,POINT (-43.96944443 -19.88416666),,A872,,A214,,A204,,A112,,A035,,A215,,A529,,A535,,A803,,A126
118,PALMEIRA DOS INDIOS,AL,A327,-9.42055554,-36.62027777,275,POINT (-36.62027777 -9.42055554),,A872,,A214,,A204,,A112,,A035,,A215,,A529,,A535,,A803,,A126
119,DOM PEDRITO,RS,A881,-31.0025,-54.61805554,150,POINT (-54.61805554 -31.0025),,A872,,A214,,A204,,A112,,A035,,A215,,A529,,A535,,A803,,A126
120,OBIDOS,PA,A232,-5.36583333,-49.12527777,96,POINT (-49.12527777 -5.36583333),,A872,,A214,,A204,,A112,,A035,,A215,,A529,,A535,,A803,,A126
121,SAO RAIMUNDO NONATO,PI,A345,-9.03305554,-42.70055555,402,POINT (-42.70055555 -9.03305554),,A872,,A214,,A204,,A112,,A035,,A215,,A529,,A535,,A803,,A126
122,VACARIA,RS,A880,-28.51361111,-50.88277777,986,POINT (-50.88277777 -28.51361111),,A872,,A214,,A204,,A112,,A035,,A215,,A529,,A535,,A803,,A126
123,PORTO ALEGRE,RS,A801,-30.05,-51.16666666,46.97,POINT (-51.16666666 -30.05),,A872,,A214,,A204,,A112,,A035,,A215,,A529,,A535,,A803,,A126
124,RIO VERDE,GO,A025,-17.78583333,-50.98138888,782,POINT (-50.98138888 -17.78583333),,A872,,A214,,A204,,A112,,A035,,A215,,A529,,A535,,A803,,A126
125,MARABA,PA,A240,-5.16722221,-49.37916666,116,POINT (-49.37916666 -5.16722221),,A872,,A214,,A204,,A112,,A035,,A215,,A529,,A535,,A803,,A126
126,BELO HORIZONTE - CERCADINHO,MG,F501,-19.97999999,-43.95861111,1214,POINT (-43.95861111 -19.97999999),,A872,,A214,,A204,,A112,,A035,,A215,,A529,,A535,,A803,,A126
127,CACAPAVA DO SUL,RS,A812,-30.54777777,-53.46749999,420,POINT (-53.46749999 -30.54777777),,A872,,A214,,A204,,A112,,A035,,A215,,A529,,A535,,A803,,A126
128,SAO FELIX  DO ARAGUAIA,MT,A921,-11.61888888,-50.72777777,218,POINT (-50.72777777 -11.61888888),,A872,,A214,,A204,,A112,,A035,,A215,,A529,,A535,,A803,,A126
129,MINA DO PALITO,PA,A246,-6.31972221,-55.78722221,261,POINT (-55.78722221 -6.31972221),,A872,,A214,,A204,,A112,,A035,,A215,,A529,,A535,,A803,,A126
130,CANELA,RS,A879,-29.36888888,-50.82749999,830,POINT (-50.82749999 -29.36888888),,A872,,A214,,A204,,A112,,A035,,A215,,A529,,A535,,A803,,A126
131,JACOBINA,BA,A440,-11.205,-40.465,453,POINT (-40.465 -11.205),,A872,,A214,,A204,,A112,,A035,,A215,,A529,,A535,,A803,,A126
132,ITABERABA,BA,A408,-12.51666666,-40.3,249.89,POINT (-40.3 -12.51666666),,A872,,A214,,A204,,A112,,A035,,A215,,A529,,A535,,A803,,A126
133,MACAPA,AP,A249,.03527777,-51.0886111,27,POINT (-51.0886111 0.03527777),,A872,,A214,,A204,,A112,,A035,,A215,,A529,,A535,,A803,,A126
134,SONORA,MS,A761,-17.89638888,-54.45361111,486,POINT (-54.45361111 -17.89638888),,A872,,A214,,A204,,A112,,A035,,A215,,A529,,A535,,A803,,A126
135,CAMARATUBA,PB,A352,-6.56083333,-35.13472221,136,POINT (-35.13472221 -6.56083333),,A872,,A214,,A204,,A112,,A035,,A215,,A529,,A535,,A803,,A126
136,DORES DO INDAIA,MG,A536,-19.48166666,-45.59388888,722,POINT (-45.59388888 -19.48166666),,A872,,A214,,A204,,A112,,A035,,A215,,A529,,A535,,A803,,A126
137,VITORIA DA CONQUISTA,BA,A414,-14.8861111,-40.80138888,874.81,POINT (-40.80138888 -14.8861111),,A872,,A214,,A204,,A112,,A035,,A215,,A529,,A535,,A803,,A126
138,PIATA,BA,A430,-13.15583333,-41.77416666,1290,POINT (-41.77416666 -13.15583333),,A872,,A214,,A204,,A112,,A035,,A215,,A529,,A535,,A803,,A126
139,EPITACIOLANDIA,AC,A140,-11.0236111,-68.73499999,217,POINT (-68.73499999 -11.0236111),,A872,,A214,,A204,,A112,,A035,,A215,,A529,,A535,,A803,,A126
140,ITUIUTABA,MG,A512,-18.95277777,-49.52499999,560,POINT (-49.52499999 -18.95277777),,A872,,A214,,A204,,A112,,A035,,A215,,A529,,A535,,A803,,A126
141,GOIANIA,GO,A002,-16.64277777,-49.21999999,770,POINT (-49.21999999 -16.64277777),,A872,,A214,,A204,,A112,,A035,,A215,,A529,,A535,,A803,,A126
142,ITAPETINGA,BA,A446,-15.24472221,-40.22944443,269,POINT (-40.22944443 -15.24472221),,A872,,A214,,A204,,A112,,A035,,A215,,A529,,A535,,A803,,A126
143,DIAMANTINA,MG,A537,-18.2311111,-43.64805555,1356,POINT (-43.64805555 -18.2311111),,A872,,A214,,A204,,A112,,A035,,A215,,A529,,A535,,A803,,A126
144,APUI,AM,A113,-7.21527777,-59.8886111,160,POINT (-59.8886111 -7.21527777),,A872,,A214,,A204,,A112,,A035,,A215,,A529,,A535,,A803,,A126
145,CONCEICAO DAS ALAGOAS,MG,A520,-19.98583333,-48.15138888,568,POINT (-48.15138888 -19.98583333),,A872,,A214,,A204,,A112,,A035,,A215,,A529,,A535,,A803,,A126
146,ARAGUAINA,TO,A021,-7.10416666,-48.20111111,226,POINT (-48.20111111 -7.10416666),,A872,,A214,,A204,,A112,,A035,,A215,,A529,,A535,,A803,,A126
147,JUIZ DE FORA,MG,A518,-21.76999999,-43.36416666,950,POINT (-43.36416666 -21.76999999),,A872,,A214,,A204,,A112,,A035,,A215,,A529,,A535,,A803,,A126
148,GUARAMIRANGA,CE,A314,-4.26111111,-38.19749999,38.2,POINT (-38.19749999 -4.26111111),,A872,,A214,,A204,,A112,,A035,,A215,,A529,,A535,,A803,,A126
149,MOCAMBINHO,MG,A539,-15.08583333,-44.01611111,460,POINT (-44.01611111 -15.08583333),,A872,,A214,,A204,,A112,,A035,,A215,,A529,,A535,,A803,,A126
150,SANTO AUGUSTO,RS,A805,-27.85416666,-53.7911111,490,POINT (-53.7911111 -27.85416666),,A872,,A214,,A204,,A112,,A035,,A215,,A529,,A535,,A803,,A126
151,BURITIRAMA,BA,A432,-10.72305554,-43.65111111,506.5,POINT (-43.65111111 -10.72305554),,A872,,A214,,A204,,A112,,A035,,A215,,A529,,A535,,A803,,A126
152,FLORIANOPOLIS,SC,A806,-27.6025,-48.61999999,1.8,POINT (-48.61999999 -27.6025),,A872,,A214,,A204,,A112,,A035,,A215,,A529,,A535,,A803,,A126
153,S. G. DA CACHOEIRA,AM,A134,-.12499999,-67.06111111,90,POINT (-67.06111111 -0.12499999),,A872,,A214,,A204,,A112,,A035,,A215,,A529,,A535,,A803,,A126
154,ITAOBIM,MG,A550,-16.57555554,-41.48527777,266,POINT (-41.48527777 -16.57555554),,A872,,A214,,A204,,A112,,A035,,A215,,A529,,A535,,A803,,A126
155,BARRA BONITA,SP,A741,-22.37083332,-48.55722222,544,POINT (-48.55722222 -22.37083332),,A872,,A214,,A204,,A112,,A035,,A215,,A529,,A535,,A803,,A126
156,IBITINGA,SP,A737,-21.85555555,-48.66666666,492,POINT (-48.66666666 -21.85555555),,A872,,A214,,A204,,A112,,A035,,A215,,A529,,A535,,A803,,A126
157,BARRA DO TURVO,SP,A746,-24.96305555,-48.41638888,667,POINT (-48.41638888 -24.96305555),,A872,,A214,,A204,,A112,,A035,,A215,,A529,,A535,,A803,,A126
158,MARAU,BA,A438,-13.90722222,-38.97222221,10,POINT (-38.97222221 -13.90722222),,A872,,A214,,A204,,A112,,A035,,A215,,A529,,A535,,A803,,A126
159,UAUA,BA,A435,-9.8336111,-39.49555555,453,POINT (-39.49555555 -9.8336111),,A872,,A214,,A204,,A112,,A035,,A215,,A529,,A535,,A803,,A126
160,NOVA MARINGA,MT,A928,-13.06555555,-57.15611111,353,POINT (-57.15611111 -13.06555555),,A872,,A214,,A204,,A112,,A035,,A215,,A529,,A535,,A803,,A126
161,URUCARA,AM,A124,-2.89638888,-57.75833333,17,POINT (-57.75833333 -2.89638888),,A872,,A214,,A204,,A112,,A035,,A215,,A529,,A535,,A803,,A126
162,ACARAU,CE,A360,-3.12083332,-40.08694444,76,POINT (-40.08694444 -3.12083332),,A872,,A214,,A204,,A112,,A035,,A215,,A529,,A535,,A803,,A126
163,AGUA BOA,MT,A908,-14.01611111,-52.21222222,432,POINT (-52.21222222 -14.01611111),,A872,,A214,,A204,,A112,,A035,,A215,,A529,,A535,,A803,,A126
164,BELA VISTA,MS,A757,-22.10083333,-56.53999999,208,POINT (-56.53999999 -22.10083333),,A872,,A214,,A204,,A112,,A035,,A215,,A529,,A535,,A803,,A126
165,RIO URUBU,AM,A125,-2.7211111,-59.94333333,59,POINT (-59.94333333 -2.7211111),,A872,,A214,,A204,,A112,,A035,,A215,,A529,,A535,,A803,,A126
166,TEOFILO OTONI,MG,A527,-17.9,-41.51666666,475,POINT (-41.51666666 -17.9),,A872,,A214,,A204,,A112,,A035,,A215,,A529,,A535,,A803,,A126
167,CAIAPONIA,GO,A023,-16.96666666,-51.81749999,737,POINT (-51.81749999 -16.96666666),,A872,,A214,,A204,,A112,,A035,,A215,,A529,,A535,,A803,,A126
168,IMPERATRIZ,MA,A225,-5.55555555,-47.45972222,126,POINT (-47.45972222 -5.55555555),,A872,,A214,,A204,,A112,,A035,,A215,,A529,,A535,,A803,,A126
169,ESPERANTINA,PI,A338,-3.90083333,-42.23694444,65,POINT (-42.23694444 -3.90083333),,A872,,A214,,A204,,A112,,A035,,A215,,A529,,A535,,A803,,A126
170,IVAI,PR,A818,-25.01333333,-50.8711111,808,POINT (-50.8711111 -25.01333333),,A872,,A214,,A204,,A112,,A035,,A215,,A529,,A535,,A803,,A126
171,RESENDE,RJ,A609,-22.45,-44.45,439.89,POINT (-44.45 -22.45),,A872,,A214,,A204,,A112,,A035,,A215,,A529,,A535,,A803,,A126
172,LENCOIS,BA,A425,-12.55722222,-41.38888888,438.74,POINT (-41.38888888 -12.55722222),,A872,,A214,,A204,,A112,,A035,,A215,,A529,,A535,,A803,,A126
173,BOM JESUS DO PIAUI,PI,A326,-9.08333333,-44.31666666,415,POINT (-44.31666666 -9.08333333),,A872,,A214,,A204,,A112,,A035,,A215,,A529,,A535,,A803,,A126
174,MONTE VERDE,MG,A509,-22.86138888,-46.04333333,1500,POINT (-46.04333333 -22.86138888),,A872,,A214,,A204,,A112,,A035,,A215,,A529,,A535,,A803,,A126
175,ITAPEVA,SP,A714,-23.98138888,-48.88527777,745,POINT (-48.88527777 -23.98138888),,A872,,A214,,A204,,A112,,A035,,A215,,A529,,A535,,A803,,A126
176,MURIAE,MG,A517,-21.10472222,-42.37583332,297,POINT (-42.37583332 -21.10472222),,A872,,A214,,A204,,A112,,A035,,A215,,A529,,A535,,A803,,A126
177,AGUAS EMENDADAS,DF,A045,-15.59638888,-47.62583332,1200,POINT (-47.62583332 -15.59638888),,A872,,A214,,A204,,A112,,A035,,A215,,A529,,A535,,A803,,A126
178,JAPIRA,PR,A871,-23.77305554,-50.18055554,694,POINT (-50.18055554 -23.77305554),,A872,,A214,,A204,,A112,,A035,,A215,,A529,,A535,,A803,,A126
179,FLORIANO,PI,A311,-6.76666666,-43.01666666,123.27,POINT (-43.01666666 -6.76666666),,A872,,A214,,A204,,A112,,A035,,A215,,A529,,A535,,A803,,A126
180,CANTO DO BURITI,PI,A365,-8.11777777,-42.00888888,308,POINT (-42.00888888 -8.11777777),,A872,,A214,,A204,,A112,,A035,,A215,,A529,,A535,,A803,,A126
181,ARIQUEMES,RO,A940,-9.94888888,-62.96194444,140,POINT (-62.96194444 -9.94888888),,A872,,A214,,A204,,A112,,A035,,A215,,A529,,A535,,A803,,A126
182,PRESIDENTE PRUDENTE,SP,A707,-22.11999999,-51.4,435.55,POINT (-51.4 -22.11999999),,A872,,A214,,A204,,A112,,A035,,A215,,A529,,A535,,A803,,A126
183,JOAQUIM TAVORA,PR,A821,-23.50527777,-49.94638888,522,POINT (-49.94638888 -23.50527777),,A872,,A214,,A204,,A112,,A035,,A215,,A529,,A535,,A803,,A126
184,MARAMBAIA,RJ,A602,-23.05,-43.6,9.7,POINT (-43.6 -23.05),,A872,,A214,,A204,,A112,,A035,,A215,,A529,,A535,,A803,,A126
185,ILHEUS,BA,A410,-14.65944444,-39.1811111,78,POINT (-39.1811111 -14.65944444),,A872,,A214,,A204,,A112,,A035,,A215,,A529,,A535,,A803,,A126
186,DELFINO,BA,A443,-10.455,-41.20722222,637,POINT (-41.20722222 -10.455),,A872,,A214,,A204,,A112,,A035,,A215,,A529,,A535,,A803,,A126
187,ALTO PARNAIBA,MA,A223,-9.10805555,-45.93194443,281,POINT (-45.93194443 -9.10805555),,A872,,A214,,A204,,A112,,A035,,A215,,A529,,A535,,A803,,A126
188,ARAGARCAS,GO,A013,-15.90583333,-52.24388888,347,POINT (-52.24388888 -15.90583333),,A872,,A214,,A204,,A112,,A035,,A215,,A529,,A535,,A803,,A126
189,PAULISTANA,PI,A330,-8.07999999,-41.07999999,374.22,POINT (-41.07999999 -8.07999999),,A872,,A214,,A204,,A112,,A035,,A215,,A529,,A535,,A803,,A126
190,NOVA FATIMA,PR,A842,-23.40694444,-50.57777777,668,POINT (-50.57777777 -23.40694444),,A872,,A214,,A204,,A112,,A035,,A215,,A529,,A535,,A803,,A126
191,FRANCA,SP,A708,-20.57999999,-47.37999999,1026,POINT (-47.37999999 -20.57999999),,A872,,A214,,A204,,A112,,A035,,A215,,A529,,A535,,A803,,A126
192,RIO PARDO,RS,A813,-29.87333332,-52.38249999,111,POINT (-52.38249999 -29.87333332),,A872,,A214,,A204,,A112,,A035,,A215,,A529,,A535,,A803,,A126
193,S.J. DO RIO CLARO,MT,A903,-13.45,-56.66666666,350,POINT (-56.66666666 -13.45),,A872,,A214,,A204,,A112,,A035,,A215,,A529,,A535,,A803,,A126
194,ARACAJU,SE,A409,-10.95027777,-37.05,4.72,POINT (-37.05 -10.95027777),,A872,,A214,,A204,,A112,,A035,,A215,,A529,,A535,,A803,,A126
195,UNAI,MG,A542,-16.55388888,-46.88194443,631,POINT (-46.88194443 -16.55388888),,A872,,A214,,A204,,A112,,A035,,A215,,A529,,A535,,A803,,A126
196,PONTA PORA,MS,A703,-22.5525,-55.71638888,675,POINT (-55.71638888 -22.5525),,A872,,A214,,A204,,A112,,A035,,A215,,A529,,A535,,A803,,A126
197,AQUIDAUANA,MS,A719,-20.47555554,-55.78388888,155,POINT (-55.78388888 -20.47555554),,A872,,A214,,A204,,A112,,A035,,A215,,A529,,A535,,A803,,A126
198,BELEM,PA,A201,-1.41027777,-48.43833333,24,POINT (-48.43833333 -1.41027777),,A872,,A214,,A204,,A112,,A035,,A215,,A529,,A535,,A803,,A126
199,MACEIO,AL,A303,-9.55111111,-35.77027777,80,POINT (-35.77027777 -9.55111111),,A872,,A214,,A204,,A112,,A035,,A215,,A529,,A535,,A803,,A126
200,CRUZ DAS ALMAS,BA,A406,-12.65,-39.15,225.87,POINT (-39.15 -12.65),,A872,,A214,,A204,,A112,,A035,,A215,,A529,,A535,,A803,,A126
201,SOLEDADE,RS,A837,-28.85361111,-52.55833333,667,POINT (-52.55833333 -28.85361111),,A872,,A214,,A204,,A112,,A035,,A215,,A529,,A535,,A803,,A126
202,ITAPIRA,SP,A739,-22.415,-46.80527777,633,POINT (-46.80527777 -22.415),,A872,,A214,,A204,,A112,,A035,,A215,,A529,,A535,,A803,,A126
203,PALMAS,TO,A009,-10.18333333,-48.3,280,POINT (-48.3 -10.18333333),,A872,,A214,,A204,,A112,,A035,,A215,,A529,,A535,,A803,,A126
204,ITIQUIRA,MT,A933,-17.29722221,-54.83722221,585,POINT (-54.83722221 -17.29722221),,A872,,A214,,A204,,A112,,A035,,A215,,A529,,A535,,A803,,A126
205,CARATINGA,MG,A554,-19.73583333,-42.15361111,615,POINT (-42.15361111 -19.73583333),,A872,,A214,,A204,,A112,,A035,,A215,,A529,,A535,,A803,,A126
206,IPORA,GO,A028,-16.42305554,-51.14805555,625,POINT (-51.14805555 -16.42305554),,A872,,A214,,A204,,A112,,A035,,A215,,A529,,A535,,A803,,A126
207,SAO JOAQUIM,SC,A815,-28.27555554,-49.93444444,1410,POINT (-49.93444444 -28.27555554),,A872,,A214,,A204,,A112,,A035,,A215,,A529,,A535,,A803,,A126
208,CAMPOS DO JORDAO,SP,A706,-22.75027777,-45.60388888,1642,POINT (-45.60388888 -22.75027777),,A872,,A214,,A204,,A112,,A035,,A215,,A529,,A535,,A803,,A126
209,CANGUCU,RS,A811,-31.40583333,-52.70111111,462,POINT (-52.70111111 -31.40583333),,A872,,A214,,A204,,A112,,A035,,A215,,A529,,A535,,A803,,A126
210,PORTO VELHO,RO,A925,-8.76388888,-63.47499999,98,POINT (-63.47499999 -8.76388888),,A872,,A214,,A204,,A112,,A035,,A215,,A529,,A535,,A803,,A126
211,SANTA RITA DE CASSIA,BA,A415,-11.01999999,-44.52499999,450,POINT (-44.52499999 -11.01999999),,A872,,A214,,A204,,A112,,A035,,A215,,A529,,A535,,A803,,A126
212,CAXIAS,MA,A237,-4.82138888,-43.3436111,76,POINT (-43.3436111 -4.82138888),,A872,,A214,,A204,,A112,,A035,,A215,,A529,,A535,,A803,,A126
213,DIAMANTE DO NORTE,PR,A849,-22.63388888,-52.85888888,362,POINT (-52.85888888 -22.63388888),,A872,,A214,,A204,,A112,,A035,,A215,,A529,,A535,,A803,,A126
214,TOME ACU,PA,A213,-2.6,-48.36666666,38,POINT (-48.36666666 -2.6),,A872,,A214,,A204,,A112,,A035,,A215,,A529,,A535,,A803,,A126
215,MONTE ALEGRE,PA,A239,-2,-54.07583332,96,POINT (-54.07583332 -2),,A872,,A214,,A204,,A112,,A035,,A215,,A529,,A535,,A803,,A126
216,MAUES,AM,A122,-3.39888888,-57.6736111,35,POINT (-57.6736111 -3.39888888),,A872,,A214,,A204,,A112,,A035,,A215,,A529,,A535,,A803,,A126
217,CUIABA,MT,A901,-15.55916666,-56.72944443,240,POINT (-56.72944443 -15.55916666),,A872,,A214,,A204,,A112,,A035,,A215,,A529,,A535,,A803,,A126
218,TEUTONIA,RS,A882,-29.45027777,-51.82416666,81,POINT (-51.82416666 -29.45027777),,A872,,A214,,A204,,A112,,A035,,A215,,A529,,A535,,A803,,A126
219,CAMPO BOM,RS,A884,-29.67444443,-51.06416666,24,POINT (-51.06416666 -29.67444443),,A872,,A214,,A204,,A112,,A035,,A215,,A529,,A535,,A803,,A126
220,MORRETES,PR,A873,-25.51277777,-48.80861111,59,POINT (-48.80861111 -25.51277777),,A872,,A214,,A204,,A112,,A035,,A215,,A529,,A535,,A803,,A126
221,SAO ROMAO,MG,A547,-16.3625,-45.12388888,460,POINT (-45.12388888 -16.3625),,A872,,A214,,A204,,A112,,A035,,A215,,A529,,A535,,A803,,A126
222,SAO GABRIEL,RS,A832,-30.34138888,-54.31083333,126,POINT (-54.31083333 -30.34138888),,A872,,A214,,A204,,A112,,A035,,A215,,A529,,A535,,A803,,A126
223,ESTREITO,MA,A224,-6.65333333,-47.41833332,180,POINT (-47.41833332 -6.65333333),,A872,,A214,,A204,,A112,,A035,,A215,,A529,,A535,,A803,,A126
224,MARIA DA FE,MG,A531,-22.31444444,-45.37277777,1276.33,POINT (-45.37277777 -22.31444444),,A872,,A214,,A204,,A112,,A035,,A215,,A529,,A535,,A803,,A126
225,OEIRAS,PI,A354,-6.97416666,-42.14694444,156,POINT (-42.14694444 -6.97416666),,A872,,A214,,A204,,A112,,A035,,A215,,A529,,A535,,A803,,A126
226,ARAXA,MG,A505,-19.60555555,-46.94944444,1020,POINT (-46.94944444 -19.60555555),,A872,,A214,,A204,,A112,,A035,,A215,,A529,,A535,,A803,,A126
227,PORTO ESTRELA,MT,A935,-15.54638888,-57.38166666,145,POINT (-57.38166666 -15.54638888),,A872,,A214,,A204,,A112,,A035,,A215,,A529,,A535,,A803,,A126
228,CARACOL,PI,A337,-9.2861111,-43.32444443,523,POINT (-43.32444443 -9.2861111),,A872,,A214,,A204,,A112,,A035,,A215,,A529,,A535,,A803,,A126
229,SAO LUIZ GONZAGA,RS,A852,-28.41694443,-54.96222222,245.11,POINT (-54.96222222 -28.41694443),,A872,,A214,,A204,,A112,,A035,,A215,,A529,,A535,,A803,,A126
230,CURITIBA,PR,A807,-25.43333333,-49.26666666,923.5,POINT (-49.26666666 -25.43333333),,A872,,A214,,A204,,A112,,A035,,A215,,A529,,A535,,A803,,A126
231,BARBALHA,CE,A315,-7.31805554,-39.30166666,409,POINT (-39.30166666 -7.31805554),,A872,,A214,,A204,,A112,,A035,,A215,,A529,,A535,,A803,,A126
232,NOVA VENECIA,ES,A623,-18.69527777,-40.4075,154,POINT (-40.4075 -18.69527777),,A872,,A214,,A204,,A112,,A035,,A215,,A529,,A535,,A803,,A126
233,PARNAIBA,PI,A308,-3.08638888,-41.78333333,79.5,POINT (-41.78333333 -3.08638888),,A872,,A214,,A204,,A112,,A035,,A215,,A529,,A535,,A803,,A126
234,MACAE,RJ,A608,-22.38333333,-41.81666667,32,POINT (-41.81666667 -22.38333333),,A872,,A214,,A204,,A112,,A035,,A215,,A529,,A535,,A803,,A126
235,QUIXERAMOBIM,CE,A325,-5.17305554,-39.28722221,232,POINT (-39.28722221 -5.17305554),,A872,,A214,,A204,,A112,,A035,,A215,,A529,,A535,,A803,,A126
236,JUARA,MT,A914,-11.28027777,-57.52666666,260,POINT (-57.52666666 -11.28027777),,A872,,A214,,A204,,A112,,A035,,A215,,A529,,A535,,A803,,A126
237,IGUAPE,SP,A712,-24.71666666,-47.55,2.66,POINT (-47.55 -24.71666666),,A872,,A214,,A204,,A112,,A035,,A215,,A529,,A535,,A803,,A126
238,BOM JARDIM DA SERRA - MORRO DA IGREJA,SC,A845,-28.13333333,-49.48333333,1810,POINT (-49.48333333 -28.13333333),,A872,,A214,,A204,,A112,,A035,,A215,,A529,,A535,,A803,,A126
239,BARREIRAS,BA,A402,-12.15,-45.01666666,470.37,POINT (-45.01666666 -12.15),,A872,,A214,,A204,,A112,,A035,,A215,,A529,,A535,,A803,,A126
240,ECOLOGIA AGRICOLA,RJ,A601,-22.8,-43.68333333,33,POINT (-43.68333333 -22.8),,A872,,A214,,A204,,A112,,A035,,A215,,A529,,A535,,A803,,A126
241,NOVA FRIBURGO,RJ,A624,-22.33305554,-42.67722221,1046,POINT (-42.67722221 -22.33305554),,A872,,A214,,A204,,A112,,A035,,A215,,A529,,A535,,A803,,A126
242,SANTANA DO ARAGUAIA,PA,A233,-9.3386111,-50.35027777,168,POINT (-50.35027777 -9.3386111),,A872,,A214,,A204,,A112,,A035,,A215,,A529,,A535,,A803,,A126
243,SANTA CRUZ,RN,A367,-6.22777777,-36.02638888,237,POINT (-36.02638888 -6.22777777),,A872,,A214,,A204,,A112,,A035,,A215,,A529,,A535,,A803,,A126
244,RIO NEGRINHO,SC,A862,-26.2486111,-49.58055554,869,POINT (-49.58055554 -26.2486111),,A872,,A214,,A204,,A112,,A035,,A215,,A529,,A535,,A803,,A126
245,DOIS VIZINHOS,PR,A843,-25.69472221,-53.09444444,520,POINT (-53.09444444 -25.69472221),,A872,,A214,,A204,,A112,,A035,,A215,,A529,,A535,,A803,,A126
246,PONTES E LACERDA,MT,A937,-15.25111111,-59.34666666,256,POINT (-59.34666666 -15.25111111),,A872,,A214,,A204,,A112,,A035,,A215,,A529,,A535,,A803,,A126
247,SILVANIA,GO,A037,-16.67694443,-48.61805554,949,POINT (-48.61805554 -16.67694443),,A872,,A214,,A204,,A112,,A035,,A215,,A529,,A535,,A803,,A126
248,RIO DO CAMPO,SC,A861,-26.93749999,-50.14638888,592,POINT (-50.14638888 -26.93749999),,A872,,A214,,A204,,A112,,A035,,A215,,A529,,A535,,A803,,A126
249,TERESINA,PI,A312,-5.07388888,-42.80694444,74.36,POINT (-42.80694444 -5.07388888),,A872,,A214,,A204,,A112,,A035,,A215,,A529,,A535,,A803,,A126
250,IPIAU,BA,A445,-14.17138888,-39.69249999,125,POINT (-39.69249999 -14.17138888),,A872,,A214,,A204,,A112,,A035,,A215,,A529,,A535,,A803,,A126
251,CACERES,MT,A941,-16.07444443,-57.69277777,116,POINT (-57.69277777 -16.07444443),,A872,,A214,,A204,,A112,,A035,,A215,,A529,,A535,,A803,,A126
252,FOZ DO IGUACU,PR,A846,-25.60194444,-54.48305554,242,POINT (-54.48305554 -25.60194444),,A872,,A214,,A204,,A112,,A035,,A215,,A529,,A535,,A803,,A126
253,ITIRUCU,BA,A407,-13.52833332,-40.11972221,755.61,POINT (-40.11972221 -13.52833332),,A872,,A214,,A204,,A112,,A035,,A215,,A529,,A535,,A803,,A126
254,CACADOR,SC,A859,-26.81944443,-50.98555555,952,POINT (-50.98555555 -26.81944443),,A872,,A214,,A204,,A112,,A035,,A215,,A529,,A535,,A803,,A126
255,FEIJO,AC,A138,-8.24194444,-70.57527777,163,POINT (-70.57527777 -8.24194444),,A872,,A214,,A204,,A112,,A035,,A215,,A529,,A535,,A803,,A126
256,CASA BRANCA,SP,A738,-21.77972221,-47.07972221,730,POINT (-47.07972221 -21.77972221),,A872,,A214,,A204,,A112,,A035,,A215,,A529,,A535,,A803,,A126
257,URUCUI,PI,A346,-7.47472221,-44.34472221,393,POINT (-44.34472221 -7.47472221),,A872,,A214,,A204,,A112,,A035,,A215,,A529,,A535,,A803,,A126
258,SAO LUIS DO QUITUNDE,AL,A356,-9.28749999,-35.56583333,19,POINT (-35.56583333 -9.28749999),,A872,,A214,,A204,,A112,,A035,,A215,,A529,,A535,,A803,,A126
259,XANXERE,SC,A858,-26.9386111,-52.415,889,POINT (-52.415 -26.9386111),,A872,,A214,,A204,,A112,,A035,,A215,,A529,,A535,,A803,,A126
260,JOACABA,SC,A841,-27.16944443,-51.57555554,776,POINT (-51.57555554 -27.16944443),,A872,,A214,,A204,,A112,,A035,,A215,,A529,,A535,,A803,,A126
261,CAMPO VERDE,MT,A912,-15.52749999,-55.13555555,749,POINT (-55.13555555 -15.52749999),,A872,,A214,,A204,,A112,,A035,,A215,,A529,,A535,,A803,,A126
262,TERESOPOLIS,RJ,A618,-22.44888888,-42.98722221,980,POINT (-42.98722221 -22.44888888),,A872,,A214,,A204,,A112,,A035,,A215,,A529,,A535,,A803,,A126
263,SANTA TERESA,ES,A613,-19.98833333,-40.57944443,988,POINT (-40.57944443 -19.98833333),,A872,,A214,,A204,,A112,,A035,,A215,,A529,,A535,,A803,,A126
264,BRASNORTE (MUNDO NOVO),MT,A927,-12.87194443,-58.38722221,431,POINT (-58.38722221 -12.87194443),,A872,,A214,,A204,,A112,,A035,,A215,,A529,,A535,,A803,,A126
265,IBOTIRAMA,BA,A439,-12.19249999,-43.2125,430,POINT (-43.2125 -12.19249999),,A872,,A214,,A204,,A112,,A035,,A215,,A529,,A535,,A803,,A126
266,MAJOR VIEIRA,SC,A864,-26.3936111,-50.36333333,808,POINT (-50.36333333 -26.3936111),,A872,,A214,,A204,,A112,,A035,,A215,,A529,,A535,,A803,,A126
268,SAO SIMAO,GO,A011,-18.96666666,-50.61666666,488.51,POINT (-50.61666666 -18.96666666),,A872,,A214,,A204,,A112,,A035,,A215,,A529,,A535,,A803,,A126
269,AFONSO CLAUDIO,ES,A657,-20.10416666,-41.10694444,520,POINT (-41.10694444 -20.10416666),,A872,,A214,,A204,,A112,,A035,,A215,,A529,,A535,,A803,,A126
270,UNA,BA,A437,-15.27999999,-39.0911111,74,POINT (-39.0911111 -15.27999999),,A872,,A214,,A204,,A112,,A035,,A215,,A529,,A535,,A803,,A126
271,SAO GABRIEL DO OESTE,MS,A732,-19.42027777,-54.55305555,647,POINT (-54.55305555 -19.42027777),,A872,,A214,,A204,,A112,,A035,,A215,,A529,,A535,,A803,,A126
272,SERRINHA,BA,A441,-11.66444444,-39.02305554,339,POINT (-39.02305554 -11.66444444),,A872,,A214,,A204,,A112,,A035,,A215,,A529,,A535,,A803,,A126
273,MARINGA,PR,A835,-23.40777777,-51.91666666,542,POINT (-51.91666666 -23.40777777),,A872,,A214,,A204,,A112,,A035,,A215,,A529,,A535,,A803,,A126
274,QUERENCIA,MT,A916,-12.5986111,-52.19444444,339,POINT (-52.19444444 -12.5986111),,A872,,A214,,A204,,A112,,A035,,A215,,A529,,A535,,A803,,A126
275,CHAPADAO DO SUL,MS,A730,-18.80222222,-52.60277777,818,POINT (-52.60277777 -18.80222222),,A872,,A214,,A204,,A112,,A035,,A215,,A529,,A535,,A803,,A126
276,CAMPO GRANDE,MS,A702,-20.45,-54.6,530,POINT (-54.6 -20.45),,A872,,A214,,A204,,A112,,A035,,A215,,A529,,A535,,A803,,A126
277,COLINAS,MA,A222,-6.03333333,-44.23333333,179,POINT (-44.23333333 -6.03333333),,A872,,A214,,A204,,A112,,A035,,A215,,A529,,A535,,A803,,A126
278,GOVERNADOR VALADARES,MG,A532,-18.83027777,-41.97666666,214,POINT (-41.97666666 -18.83027777),,A872,,A214,,A204,,A112,,A035,,A215,,A529,,A535,,A803,,A126
279,GENERAL CARNEIRO,PR,A875,-26.3986111,-51.35444444,1018,POINT (-51.35444444 -26.3986111),,A872,,A214,,A204,,A112,,A035,,A215,,A529,,A535,,A803,,A126
280,ITAPACI,GO,A015,-14.98027777,-49.53944444,522,POINT (-49.53944444 -14.98027777),,A872,,A214,,A204,,A112,,A035,,A215,,A529,,A535,,A803,,A126
281,CURVELO,MG,A538,-18.76444444,-44.45361111,670,POINT (-44.45361111 -18.76444444),,A872,,A214,,A204,,A112,,A035,,A215,,A529,,A535,,A803,,A126
282,NHUMIRIM,MS,A717,-18.98888888,-56.62305554,91,POINT (-56.62305554 -18.98888888),,A872,,A214,,A204,,A112,,A035,,A215,,A529,,A535,,A803,,A126
283,CABROBO,PE,A329,-8.50305555,-39.31388888,337,POINT (-39.31388888 -8.50305555),,A872,,A214,,A204,,A112,,A035,,A215,,A529,,A535,,A803,,A126
284,SAO LUIS DO PARAITINGA,SP,A740,-23.22833332,-45.41722221,730,POINT (-45.41722221 -23.22833332),,A872,,A214,,A204,,A112,,A035,,A215,,A529,,A535,,A803,,A126
285,SAO JOAO DO PIAUI,PI,A331,-8.36472222,-42.25083333,235,POINT (-42.25083333 -8.36472222),,A872,,A214,,A204,,A112,,A035,,A215,,A529,,A535,,A803,,A126
286,BARCELOS,AM,A128,-.95861111,-62.94222221,42,POINT (-62.94222221 -0.95861111),,A872,,A214,,A204,,A112,,A035,,A215,,A529,,A535,,A803,,A126
287,CAPITAO POCO,PA,A248,-1.73472221,-47.0575,81,POINT (-47.0575 -1.73472221),,A872,,A214,,A204,,A112,,A035,,A215,,A529,,A535,,A803,,A126
288,JOAO PESSOA,PB,A320,-7.16583333,-34.81527777,47,POINT (-34.81527777 -7.16583333),,A872,,A214,,A204,,A112,,A035,,A215,,A529,,A535,,A803,,A126
289,CASTRO,PR,A819,-24.78944444,-49.99972221,1007.76,POINT (-49.99972221 -24.78944444),,A872,,A214,,A204,,A112,,A035,,A215,,A529,,A535,,A803,,A126
290,SANTA ROSA,RS,A810,-27.89305555,-54.48055554,276,POINT (-54.48055554 -27.89305555),,A872,,A214,,A204,,A112,,A035,,A215,,A529,,A535,,A803,,A126
291,PASSO FUNDO,RS,A839,-28.22944443,-52.40388888,684.05,POINT (-52.40388888 -28.22944443),,A872,,A214,,A204,,A112,,A035,,A215,,A529,,A535,,A803,,A126
292,SAO MATEUS DO SUL,PR,A874,-25.83499999,-50.3686111,788,POINT (-50.3686111 -25.83499999),,A872,,A214,,A204,,A112,,A035,,A215,,A529,,A535,,A803,,A126
293,SAO PAULO - MIRANTE,SP,A701,-23.48333333,-46.61666666,792.06,POINT (-46.61666666 -23.48333333),,A872,,A214,,A204,,A112,,A035,,A215,,A529,,A535,,A803,,A126
294,TURIACU,MA,A219,-1.66166666,-45.37277777,41,POINT (-45.37277777 -1.66166666),,A872,,A214,,A204,,A112,,A035,,A215,,A529,,A535,,A803,,A126
295,ALEGRETE,RS,A826,-29.71166666,-55.5261111,121,POINT (-55.5261111 -29.71166666),,A872,,A214,,A204,,A112,,A035,,A215,,A529,,A535,,A803,,A126
296,VALPARAISO,SP,A734,-21.31916666,-50.93027777,374,POINT (-50.93027777 -21.31916666),,A872,,A214,,A204,,A112,,A035,,A215,,A529,,A535,,A803,,A126
297,SALTO DO CEU,MT,A936,-15.13583333,-58.115,303,POINT (-58.115 -15.13583333),,A872,,A214,,A204,,A112,,A035,,A215,,A529,,A535,,A803,,A126
298,MOSSORO,RN,A318,-4.90388888,-37.36694443,36,POINT (-37.36694443 -4.90388888),,A872,,A214,,A204,,A112,,A035,,A215,,A529,,A535,,A803,,A126
299,POSSE,GO,A017,-14.08916666,-46.36638888,834,POINT (-46.36638888 -14.08916666),,A872,,A214,,A204,,A112,,A035,,A215,,A529,,A535,,A803,,A126
300,PEIXE,TO,A018,-12.01666666,-48.55,242,POINT (-48.55 -12.01666666),,A872,,A214,,A204,,A112,,A035,,A215,,A529,,A535,,A803,,A126
301,CARAVELAS,BA,A405,-17.73333333,-39.26666666,2.88,POINT (-39.26666666 -17.73333333),,A872,,A214,,A204,,A112,,A035,,A215,,A529,,A535,,A803,,A126
302,CAMBUCI,RJ,A604,-21.56666666,-41.95,35,POINT (-41.95 -21.56666666),,A872,,A214,,A204,,A112,,A035,,A215,,A529,,A535,,A803,,A126
303,JUINA,MT,A920,-11.36694443,-58.73305554,220,POINT (-58.73305554 -11.36694443),,A872,,A214,,A204,,A112,,A035,,A215,,A529,,A535,,A803,,A126
304,MEDICILANDIA,PA,A209,-3.51083333,-52.96361111,251,POINT (-52.96361111 -3.51083333),,A872,,A214,,A204,,A112,,A035,,A215,,A529,,A535,,A803,,A126
305,BAGE,RS,A827,-31.34777777,-54.01333333,230,POINT (-54.01333333 -31.34777777),,A872,,A214,,A204,,A112,,A035,,A215,,A529,,A535,,A803,,A126
306,BURITIS,MG,A544,-15.52416666,-46.43555555,894,POINT (-46.43555555 -15.52416666),,A872,,A214,,A204,,A112,,A035,,A215,,A529,,A535,,A803,,A126
307,ALTO ARAGUAIA,MT,A909,-17.33944444,-53.22416666,753,POINT (-53.22416666 -17.33944444),,A872,,A214,,A204,,A112,,A035,,A215,,A529,,A535,,A803,,A126
308,BARBACENA,MG,A502,-21.22888888,-43.76694443,1155,POINT (-43.76694443 -21.22888888),,A872,,A214,,A204,,A112,,A035,,A215,,A529,,A535,,A803,,A126
309,URUSSANGA,SC,A814,-28.53249999,-49.31555555,48,POINT (-49.31555555 -28.53249999),,A872,,A214,,A204,,A112,,A035,,A215,,A529,,A535,,A803,,A126
310,CONDE,BA,A431,-11.8,-37.59972221,31.9,POINT (-37.59972221 -11.8),,A872,,A214,,A204,,A112,,A035,,A215,,A529,,A535,,A803,,A126
311,ARIRANHA,SP,A736,-21.13305554,-48.84027777,525,POINT (-48.84027777 -21.13305554),,A872,,A214,,A204,,A112,,A035,,A215,,A529,,A535,,A803,,A126
312,PORTO MURTINHO,MS,A723,-21.70583333,-57.88666666,85,POINT (-57.88666666 -21.70583333),,A872,,A214,,A204,,A112,,A035,,A215,,A529,,A535,,A803,,A126
313,ITACOATIARA,AM,A121,-3.13305554,-58.48277777,74,POINT (-58.48277777 -3.13305554),,A872,,A214,,A204,,A112,,A035,,A215,,A529,,A535,,A803,,A126
314,PALMARES,PE,A357,-8.66638888,-35.56805554,180,POINT (-35.56805554 -8.66638888),,A872,,A214,,A204,,A112,,A035,,A215,,A529,,A535,,A803,,A126
315,ITAPOA,SC,A851,-26.0811111,-48.64166666,2,POINT (-48.64166666 -26.0811111),,A872,,A214,,A204,,A112,,A035,,A215,,A529,,A535,,A803,,A126
316,ALFREDO CHAVES,ES,A615,-20.63638888,-40.74138888,35,POINT (-40.74138888 -20.63638888),,A872,,A214,,A204,,A112,,A035,,A215,,A529,,A535,,A803,,A126
317,CORURIPE,AL,A355,-10.14527777,-36.28638888,74,POINT (-36.28638888 -10.14527777),,A872,,A214,,A204,,A112,,A035,,A215,,A529,,A535,,A803,,A126
318,RIO BRANCO,AC,A104,-9.95777777,-68.165,220,POINT (-68.165 -9.95777777),,A872,,A214,,A204,,A112,,A035,,A215,,A529,,A535,,A803,,A126
319,JOAO PINHEIRO,MG,A553,-17.78472221,-46.11916666,877,POINT (-46.11916666 -17.78472221),,A872,,A214,,A204,,A112,,A035,,A215,,A529,,A535,,A803,,A126
320,SAO LUIS,MA,A203,-2.52694443,-44.21305555,56,POINT (-44.21305555 -2.52694443),,A872,,A214,,A204,,A112,,A035,,A215,,A529,,A535,,A803,,A126
321,VALENCA DO PIAUI,PI,A363,-6.39916666,-41.73999999,301,POINT (-41.73999999 -6.39916666),,A872,,A214,,A204,,A112,,A035,,A215,,A529,,A535,,A803,,A126
322,MARIANOPOLIS DO TO,TO,A041,-9.57666666,-49.72333332,203,POINT (-49.72333332 -9.57666666),,A872,,A214,,A204,,A112,,A035,,A215,,A529,,A535,,A803,,A126
323,COMODORO,MT,A913,-13.70861111,-59.76277777,591,POINT (-59.76277777 -13.70861111),,A872,,A214,,A204,,A112,,A035,,A215,,A529,,A535,,A803,,A126
324,NOVA UBIRATA,MT,A929,-13.68638888,-54.95611111,518,POINT (-54.95611111 -13.68638888),,A872,,A214,,A204,,A112,,A035,,A215,,A529,,A535,,A803,,A126
325,BRASILIA,DF,A001,-15.78944444,-47.92583332,1159.54,POINT (-47.92583332 -15.78944444),,A872,,A214,,A204,,A112,,A035,,A215,,A529,,A535,,A803,,A126
326,CALDAS,MG,A530,-21.91805554,-46.38305554,1150,POINT (-46.38305554 -21.91805554),,A872,,A214,,A204,,A112,,A035,,A215,,A529,,A535,,A803,,A126
327,GURUPI,TO,A019,-11.74583333,-49.04972221,287,POINT (-49.04972221 -11.74583333),,A872,,A214,,A204,,A112,,A035,,A215,,A529,,A535,,A803,,A126
328,CARLINDA,MT,A926,-10.00527777,-55.79055555,306,POINT (-55.79055555 -10.00527777),,A872,,A214,,A204,,A112,,A035,,A215,,A529,,A535,,A803,,A126
329,SOROCABA,SP,A713,-23.35,-47.66666666,609,POINT (-47.66666666 -23.35),,A872,,A214,,A204,,A112,,A035,,A215,,A529,,A535,,A803,,A126
330,ALEGRE,ES,A617,-20.75055555,-41.48888888,138,POINT (-41.48888888 -20.75055555),,A872,,A214,,A204,,A112,,A035,,A215,,A529,,A535,,A803,,A126
331,CAMPO NOVO DOS PARECIS,MT,A905,-13.78333333,-57.83333333,570,POINT (-57.83333333 -13.78333333),,A872,,A214,,A204,,A112,,A035,,A215,,A529,,A535,,A803,,A126
332,FORMOSO DO ARAGUAIA,TO,A039,-11.98722221,-49.60833333,220,POINT (-49.60833333 -11.98722221),,A872,,A214,,A204,,A112,,A035,,A215,,A529,,A535,,A803,,A126
333,ITABAIANINHA,SE,A417,-11.27249999,-37.79472221,208,POINT (-37.79472221 -11.27249999),,A872,,A214,,A204,,A112,,A035,,A215,,A529,,A535,,A803,,A126
334,FREDERICO WESTPHALEN,RS,A854,-27.39555555,-53.41277777,490,POINT (-53.41277777 -27.39555555),,A872,,A214,,A204,,A112,,A035,,A215,,A529,,A535,,A803,,A126
335,PORTO SEGURO,BA,A427,-16.38916666,-39.18249999,85,POINT (-39.18249999 -16.38916666),,A872,,A214,,A204,,A112,,A035,,A215,,A529,,A535,,A803,,A126
336,PRES. KENNEDY,ES,A622,-21.10111111,-41.03888888,80,POINT (-41.03888888 -21.10111111),,A872,,A214,,A204,,A112,,A035,,A215,,A529,,A535,,A803,,A126
337,SAO BORJA,RS,A830,-28.64944444,-56.01555555,83,POINT (-56.01555555 -28.64944444),,A872,,A214,,A204,,A112,,A035,,A215,,A529,,A535,,A803,,A126
338,PIRIPIRI,PI,A335,-4.26388888,-41.77805554,161.2,POINT (-41.77805554 -4.26388888),,A872,,A214,,A204,,A112,,A035,,A215,,A529,,A535,,A803,,A126
339,ITAJAI,SC,A868,-26.95083333,-48.76194444,18,POINT (-48.76194444 -26.95083333),,A872,,A214,,A204,,A112,,A035,,A215,,A529,,A535,,A803,,A126
340,PARANAIBA,MS,A710,-19.69527777,-51.18138888,424,POINT (-51.18138888 -19.69527777),,A872,,A214,,A204,,A112,,A035,,A215,,A529,,A535,,A803,,A126
341,PATOS,PB,A321,-7.07972221,-37.27249999,249,POINT (-37.27249999 -7.07972221),,A872,,A214,,A204,,A112,,A035,,A215,,A529,,A535,,A803,,A126
342,NOVA TEBAS,PR,A822,-24.43722221,-51.96305555,654,POINT (-51.96305555 -24.43722221),,A872,,A214,,A204,,A112,,A035,,A215,,A529,,A535,,A803,,A126
343,ERECHIM,RS,A828,-27.66027777,-52.30638888,765,POINT (-52.30638888 -27.66027777),,A872,,A214,,A204,,A112,,A035,,A215,,A529,,A535,,A803,,A126
344,ALVORADA DO GURGUEIA,PI,A336,-8.44305555,-43.86472222,270,POINT (-43.86472222 -8.44305555),,A872,,A214,,A204,,A112,,A035,,A215,,A529,,A535,,A803,,A126
345,SACRAMENTO,MG,A525,-19.87527777,-47.43416666,912,POINT (-47.43416666 -19.87527777),,A872,,A214,,A204,,A112,,A035,,A215,,A529,,A535,,A803,,A126
346,INACIO MARTINS,PR,A823,-25.56583333,-51.08944444,1260,POINT (-51.08944444 -25.56583333),,A872,,A214,,A204,,A112,,A035,,A215,,A529,,A535,,A803,,A126
347,JARDIM,MS,A758,-21.47833332,-56.13694444,249,POINT (-56.13694444 -21.47833332),,A872,,A214,,A204,,A112,,A035,,A215,,A529,,A535,,A803,,A126
348,PRADOPOLIS,SP,A747,-21.33833333,-48.11388888,544,POINT (-48.11388888 -21.33833333),,A872,,A214,,A204,,A112,,A035,,A215,,A529,,A535,,A803,,A126
349,MACAU,RN,A317,-5.15111111,-36.57305554,32,POINT (-36.57305554 -5.15111111),,A872,,A214,,A204,,A112,,A035,,A215,,A529,,A535,,A803,,A126
350,MANICORE,AM,A133,-5.81055555,-61.29194444,71,POINT (-61.29194444 -5.81055555),,A872,,A214,,A204,,A112,,A035,,A215,,A529,,A535,,A803,,A126
351,AGUA CLARA,MS,A756,-20.44444444,-52.87555554,338,POINT (-52.87555554 -20.44444444),,A872,,A214,,A204,,A112,,A035,,A215,,A529,,A535,,A803,,A126
352,SAO JOAO DEL REI,MG,A514,-21.22638888,-44.97944443,991,POINT (-44.97944443 -21.22638888),,A872,,A214,,A204,,A112,,A035,,A215,,A529,,A535,,A803,,A126
353,SAO TOME,RJ,A620,-22.04166666,-41.05194444,8,POINT (-41.05194444 -22.04166666),,A872,,A214,,A204,,A112,,A035,,A215,,A529,,A535,,A803,,A126
354,AGUAS VERMELHAS,MG,A549,-15.75222222,-41.45833333,740,POINT (-41.45833333 -15.75222222),,A872,,A214,,A204,,A112,,A035,,A215,,A529,,A535,,A803,,A126
355,ITAITUBA,PA,A231,-4.27638888,-55.99305555,13,POINT (-55.99305555 -4.27638888),,A872,,A214,,A204,,A112,,A035,,A215,,A529,,A535,,A803,,A126
356,REMANSO,BA,A423,-9.60277777,-42.10277777,401,POINT (-42.10277777 -9.60277777),,A872,,A214,,A204,,A112,,A035,,A215,,A529,,A535,,A803,,A126
357,TANGARA DA SERRA,MT,A902,-14.65,-57.41666666,321.5,POINT (-57.41666666 -14.65),,A872,,A214,,A204,,A112,,A035,,A215,,A529,,A535,,A803,,A126
358,TIMOTEO,MG,A511,-19.5736111,-42.62222221,333,POINT (-42.62222221 -19.5736111),,A872,,A214,,A204,,A112,,A035,,A215,,A529,,A535,,A803,,A126
359,VILA MILITAR,RJ,A621,-22.86083333,-43.41111111,45,POINT (-43.41111111 -22.86083333),,A872,,A214,,A204,,A112,,A035,,A215,,A529,,A535,,A803,,A126
360,CAMAQUA,RS,A838,-30.81055555,-51.83472221,90.66,POINT (-51.83472221 -30.81055555),,A872,,A214,,A204,,A112,,A035,,A215,,A529,,A535,,A803,,A126
361,CHAPADINHA,MA,A206,-3.74277777,-43.35194444,91,POINT (-43.35194444 -3.74277777),,A872,,A214,,A204,,A112,,A035,,A215,,A529,,A535,,A803,,A126
362,BATAGUASSU,MS,A759,-21.75138888,-52.47055554,387,POINT (-52.47055554 -21.75138888),,A872,,A214,,A204,,A112,,A035,,A215,,A529,,A535,,A803,,A126
363,FLORESTA,PE,A351,-8.5936111,-38.58388888,332,POINT (-38.58388888 -8.5936111),,A872,,A214,,A204,,A112,,A035,,A215,,A529,,A535,,A803,,A126
364,CAMPOS,RJ,A607,-21.71666666,-41.35,25,POINT (-41.35 -21.71666666),,A872,,A214,,A204,,A112,,A035,,A215,,A529,,A535,,A803,,A126
365,RIO PARDO DE MINAS,MG,A551,-15.72277777,-42.43527777,950,POINT (-42.43527777 -15.72277777),,A872,,A214,,A204,,A112,,A035,,A215,,A529,,A535,,A803,,A126
366,MORRINHOS,GO,A003,-17.71666667,-49.1,771.42,POINT (-49.1 -17.71666667),,A872,,A214,,A204,,A112,,A035,,A215,,A529,,A535,,A803,,A126
367,COXIM,MS,A720,-18.51222222,-54.73583333,252,POINT (-54.73583333 -18.51222222),,A872,,A214,,A204,,A112,,A035,,A215,,A529,,A535,,A803,,A126
368,CASSILANDIA,MS,A742,-19.12249999,-51.72083332,516,POINT (-51.72083332 -19.12249999),,A872,,A214,,A204,,A112,,A035,,A215,,A529,,A535,,A803,,A126
369,CASTELO DO PIAUI,PI,A361,-5.34916666,-41.51222222,286,POINT (-41.51222222 -5.34916666),,A872,,A214,,A204,,A112,,A035,,A215,,A529,,A535,,A803,,A126
370,ALTO TAQUARI,MT,A934,-17.81555555,-53.28749999,875,POINT (-53.28749999 -17.81555555),,A872,,A214,,A204,,A112,,A035,,A215,,A529,,A535,,A803,,A126
371,COARI,AM,A117,-4.09749999,-63.14527777,53,POINT (-63.14527777 -4.09749999),,A872,,A214,,A204,,A112,,A035,,A215,,A529,,A535,,A803,,A126
372,PARAGOMINAS,PA,A212,-3.01027777,-47.34305555,101,POINT (-47.34305555 -3.01027777),,A872,,A214,,A204,,A112,,A035,,A215,,A529,,A535,,A803,,A126
373,SANTIAGO,RS,A833,-29.19138888,-54.88555555,394,POINT (-54.88555555 -29.19138888),,A872,,A214,,A204,,A112,,A035,,A215,,A529,,A535,,A803,,A126
374,RANCHARIA,SP,A718,-22.37249999,-50.97416666,398,POINT (-50.97416666 -22.37249999),,A872,,A214,,A204,,A112,,A035,,A215,,A529,,A535,,A803,,A126
375,IVINHEMA,MS,A709,-22.30666666,-53.82722221,373.8,POINT (-53.82722221 -22.30666666),,A872,,A214,,A204,,A112,,A035,,A215,,A529,,A535,,A803,,A126
376,VARGINHA,MG,A515,-21.56638888,-45.40416666,955,POINT (-45.40416666 -21.56638888),,A872,,A214,,A204,,A112,,A035,,A215,,A529,,A535,,A803,,A126
377,OURICURI,PE,A366,-7.88472221,-40.10111111,464,POINT (-40.10111111 -7.88472221),,A872,,A214,,A204,,A112,,A035,,A215,,A529,,A535,,A803,,A126
378,QUARAI,RS,A831,-30.3686111,-56.43722221,124,POINT (-56.43722221 -30.3686111),,A872,,A214,,A204,,A112,,A035,,A215,,A529,,A535,,A803,,A126
379,PIRES DO RIO,GO,A033,-17.30416666,-48.28416666,752,POINT (-48.28416666 -17.30416666),,A872,,A214,,A204,,A112,,A035,,A215,,A529,,A535,,A803,,A126
380,DIONISIO CERQUEIRA,SC,A848,-26.28638888,-53.63277777,810,POINT (-53.63277777 -26.28638888),,A872,,A214,,A204,,A112,,A035,,A215,,A529,,A535,,A803,,A126
381,BARUERI,SP,A755,-23.52333332,-46.86916666,791,POINT (-46.86916666 -23.52333332),,A872,,A214,,A204,,A112,,A035,,A215,,A529,,A535,,A803,,A126
382,TRES LAGOAS,MS,A704,-20.78999999,-51.71222222,313,POINT (-51.71222222 -20.78999999),,A872,,A214,,A204,,A112,,A035,,A215,,A529,,A535,,A803,,A126
383,MAL. CANDIDO RONDON,PR,A820,-24.53583333,-54.01972221,392,POINT (-54.01972221 -24.53583333),,A872,,A214,,A204,,A112,,A035,,A215,,A529,,A535,,A803,,A126
384,CACOAL,RO,A939,-11.44583333,-61.43416666,210,POINT (-61.43416666 -11.44583333),,A872,,A214,,A204,,A112,,A035,,A215,,A529,,A535,,A803,,A126
385,BOA VISTA,RR,A135,2.81694443,-60.69083333,94,POINT (-60.69083333 2.81694443),,A872,,A214,,A204,,A112,,A035,,A215,,A529,,A535,,A803,,A126
386,MONTE ALEGRE DE GOIAS,GO,A032,-13.24805555,-46.88972221,1253,POINT (-46.88972221 -13.24805555),,A872,,A214,,A204,,A112,,A035,,A215,,A529,,A535,,A803,,A126
387,SERRA DOS AIMORES,MG,A522,-17.7986111,-40.24972221,208,POINT (-40.24972221 -17.7986111),,A872,,A214,,A204,,A112,,A035,,A215,,A529,,A535,,A803,,A126
388,MANACAPURU,AM,A119,-3.29472221,-60.62833332,55,POINT (-60.62833332 -3.29472221),,A872,,A214,,A204,,A112,,A035,,A215,,A529,,A535,,A803,,A126
389,BACABAL,MA,A220,-4.24305555,-44.79499999,28,POINT (-44.79499999 -4.24305555),,A872,,A214,,A204,,A112,,A035,,A215,,A529,,A535,,A803,,A126
390,ITUPORANGA,SC,A863,-27.41833332,-49.64666666,484,POINT (-49.64666666 -27.41833332),,A872,,A214,,A204,,A112,,A035,,A215,,A529,,A535,,A803,,A126
391,PARATI,RJ,A619,-23.22333332,-44.72666666,5,POINT (-44.72666666 -23.22333332),,A872,,A214,,A204,,A112,,A035,,A215,,A529,,A535,,A803,,A126
392,CAMPINA GRANDE,PB,A313,-7.24249999,-35.88888888,547.56,POINT (-35.88888888 -7.24249999),,A872,,A214,,A204,,A112,,A035,,A215,,A529,,A535,,A803,,A126
393,MATEIROS,TO,A040,-10.42999999,-45.91999999,798,POINT (-45.91999999 -10.42999999),,A872,,A214,,A204,,A112,,A035,,A215,,A529,,A535,,A803,,A126
394,AVARE,SP,A725,-23.09972221,-48.94555555,775,POINT (-48.94555555 -23.09972221),,A872,,A214,,A204,,A112,,A035,,A215,,A529,,A535,,A803,,A126
395,GUANHAES,MG,A533,-18.78666666,-42.94305555,860,POINT (-42.94305555 -18.78666666),,A872,,A214,,A204,,A112,,A035,,A215,,A529,,A535,,A803,,A126
396,CRUZ ALTA,RS,A853,-28.60361111,-53.6736111,432,POINT (-53.6736111 -28.60361111),,A872,,A214,,A204,,A112,,A035,,A215,,A529,,A535,,A803,,A126
397,MONTEIRO,PB,A334,-7.89138888,-37.11527777,603.66,POINT (-37.11527777 -7.89138888),,A872,,A214,,A204,,A112,,A035,,A215,,A529,,A535,,A803,,A126
398,CHAPADA GAUCHA,MG,A548,-15.31,-45.61666666,880,POINT (-45.61666666 -15.31),,A872,,A214,,A204,,A112,,A035,,A215,,A529,,A535,,A803,,A126
399,PICO DO COUTO,RJ,A610,-22.48166666,-43.29138888,1777,POINT (-43.29138888 -22.48166666),,A872,,A214,,A204,,A112,,A035,,A215,,A529,,A535,,A803,,A126
400,IGUATU,CE,A319,-6.39666666,-39.27027777,233,POINT (-39.27027777 -6.39666666),,A872,,A214,,A204,,A112,,A035,,A215,,A529,,A535,,A803,,A126
401,PARANAPOEMA,PR,A850,-22.49166666,-52.13444444,311,POINT (-52.13444444 -22.49166666),,A872,,A214,,A204,,A112,,A035,,A215,,A529,,A535,,A803,,A126
402,LABREA,AM,A111,-7.43527777,-64.7886111,64,POINT (-64.7886111 -7.43527777),,A872,,A214,,A204,,A112,,A035,,A215,,A529,,A535,,A803,,A126
403,PACAJA,PA,A210,-3.8436111,-50.63805555,108,POINT (-50.63805555 -3.8436111),,A872,,A214,,A204,,A112,,A035,,A215,,A529,,A535,,A803,,A126
404,ICARAIMA,PR,A824,-23.39027777,-53.63472221,385,POINT (-53.63472221 -23.39027777),,A872,,A214,,A204,,A112,,A035,,A215,,A529,,A535,,A803,,A126
405,BARRETOS,SP,A748,-20.55888888,-48.54472221,533,POINT (-48.54472221 -20.55888888),,A872,,A214,,A204,,A112,,A035,,A215,,A529,,A535,,A803,,A126
406,JAGUARIBE,CE,A358,-5.90527777,-38.62777777,184,POINT (-38.62777777 -5.90527777),,A872,,A214,,A204,,A112,,A035,,A215,,A529,,A535,,A803,,A126
407,CRATEUS,CE,A342,-5.1861111,-40.66999999,291,POINT (-40.66999999 -5.1861111),,A872,,A214,,A204,,A112,,A035,,A215,,A529,,A535,,A803,,A126
408,SIDROLANDIA,MS,A754,-20.98166666,-54.97194443,464,POINT (-54.97194443 -20.98166666),,A872,,A214,,A204,,A112,,A035,,A215,,A529,,A535,,A803,,A126
409,SAO JOSE DOS AUSENTES,RS,A829,-28.75138888,-50.05833333,1244,POINT (-50.05833333 -28.75138888),,A872,,A214,,A204,,A112,,A035,,A215,,A529,,A535,,A803,,A126
410,GUARANTA DO NORTE,MT,A906,-9.95,-54.88333333,320,POINT (-54.88333333 -9.95),,A872,,A214,,A204,,A112,,A035,,A215,,A529,,A535,,A803,,A126
411,BURITICUPU,MA,A238,-4.32055554,-46.44972221,175,POINT (-46.44972221 -4.32055554),,A872,,A214,,A204,,A112,,A035,,A215,,A529,,A535,,A803,,A126
412,PREGUICAS,MA,A218,-2.59249999,-42.70722222,.1,POINT (-42.70722222 -2.59249999),,A872,,A214,,A204,,A112,,A035,,A215,,A529,,A535,,A803,,A126
413,ARRAIAL DO CABO,RJ,A606,-22.98333333,-42.01666666,4,POINT (-42.01666666 -22.98333333),,A872,,A214,,A204,,A112,,A035,,A215,,A529,,A535,,A803,,A126
414,PETROLINA,PE,A307,-9.38805555,-40.48944444,370.46,POINT (-40.48944444 -9.38805555),,A872,,A214,,A204,,A112,,A035,,A215,,A529,,A535,,A803,,A126
415,OURINHOS,SP,A716,-22.9486111,-49.89416666,448,POINT (-49.89416666 -22.9486111),,A872,,A214,,A204,,A112,,A035,,A215,,A529,,A535,,A803,,A126
416,SOURE,PA,A227,-.81111111,-48.51583333,11,POINT (-48.51583333 -0.81111111),,A872,,A214,,A204,,A112,,A035,,A215,,A529,,A535,,A803,,A126
417,CLEVELANDIA,PR,A876,-26.41722221,-52.34888888,980,POINT (-52.34888888 -26.41722221),,A872,,A214,,A204,,A112,,A035,,A215,,A529,,A535,,A803,,A126
418,SAO PEDRO DO PIAUI,PI,A362,-5.91111111,-42.7186111,287,POINT (-42.7186111 -5.91111111),,A872,,A214,,A204,,A112,,A035,,A215,,A529,,A535,,A803,,A126
419,INDAIAL,SC,A817,-26.91361111,-49.26749999,86.13,POINT (-49.26749999 -26.91361111),,A872,,A214,,A204,,A112,,A035,,A215,,A529,,A535,,A803,,A126
420,SALVADOR,BA,A401,-13.01666666,-38.51666666,51.41,POINT (-38.51666666 -13.01666666),,A872,,A214,,A204,,A112,,A035,,A215,,A529,,A535,,A803,,A126
421,CAMPOS LINDOS,TO,A043,-8.15472222,-46.63916666,425,POINT (-46.63916666 -8.15472222),,A872,,A214,,A204,,A112,,A035,,A215,,A529,,A535,,A803,,A126
422,BARRA,BA,A429,-11.08472221,-43.13916666,403,POINT (-43.13916666 -11.08472221),,A872,,A214,,A204,,A112,,A035,,A215,,A529,,A535,,A803,,A126
423,GAUCHA DO NORTE,MT,A930,-13.18472221,-53.2575,379,POINT (-53.2575 -13.18472221),,A872,,A214,,A204,,A112,,A035,,A215,,A529,,A535,,A803,,A126
424,PLACAS,PA,A211,-3.8811111,-54.2461111,96,POINT (-54.2461111 -3.8811111),,A872,,A214,,A204,,A112,,A035,,A215,,A529,,A535,,A803,,A126
425,ILHA DO MEL,PR,A847,-25.49444444,-48.32583332,1,POINT (-48.32583332 -25.49444444),,A872,,A214,,A204,,A112,,A035,,A215,,A529,,A535,,A803,,A126
426,CARIRA,SE,A420,-10.39944444,-37.74722221,308,POINT (-37.74722221 -10.39944444),,A872,,A214,,A204,,A112,,A035,,A215,,A529,,A535,,A803,,A126
427,CORONEL PACHECO,MG,A557,-21.54694444,-43.26111111,431,POINT (-43.26111111 -21.54694444),,A872,,A214,,A204,,A112,,A035,,A215,,A529,,A535,,A803,,A126
428,ITUVERAVA,SP,A753,-20.35944444,-47.77499999,600,POINT (-47.77499999 -20.35944444),,A872,,A214,,A204,,A112,,A035,,A215,,A529,,A535,,A803,,A126
429,BAURU,SP,A705,-22.35805555,-49.02888888,666,POINT (-49.02888888 -22.35805555),,A872,,A214,,A204,,A112,,A035,,A215,,A529,,A535,,A803,,A126
430,CORRENTINA,BA,A416,-13.33222221,-44.61722221,549,POINT (-44.61722221 -13.33222221),,A872,,A214,,A204,,A112,,A035,,A215,,A529,,A535,,A803,,A126
431,AIMORES,MG,A534,-19.53277777,-41.09083333,83.74,POINT (-41.09083333 -19.53277777),,A872,,A214,,A204,,A112,,A035,,A215,,A529,,A535,,A803,,A126
432,CABACEIRAS,PB,A348,-7.48333333,-36.28638888,436,POINT (-36.28638888 -7.48333333),,A872,,A214,,A204,,A112,,A035,,A215,,A529,,A535,,A803,,A126
433,RONDONOPOLIS,MT,A907,-16.45,-54.56666666,284,POINT (-54.56666666 -16.45),,A872,,A214,,A204,,A112,,A035,,A215,,A529,,A535,,A803,,A126
434,PIRAPORA,MG,A545,-17.25777777,-44.83555555,503,POINT (-44.83555555 -17.25777777),,A872,,A214,,A204,,A112,,A035,,A215,,A529,,A535,,A803,,A126
435,VILA BELA DA SANTISSIMA TRINDADE,MT,A922,-15.06277777,-59.87277777,222,POINT (-59.87277777 -15.06277777),,A872,,A214,,A204,,A112,,A035,,A215,,A529,,A535,,A803,,A126
436,LINS,SP,A727,-21.66527777,-49.73416666,450,POINT (-49.73416666 -21.66527777),,A872,,A214,,A204,,A112,,A035,,A215,,A529,,A535,,A803,,A126
437,SALINAS,MG,A552,-16.16027777,-42.31027777,495,POINT (-42.31027777 -16.16027777),,A872,,A214,,A204,,A112,,A035,,A215,,A529,,A535,,A803,,A126
438,BRUMADO,BA,A433,-14.18166666,-41.67222221,470,POINT (-41.67222221 -14.18166666),,A872,,A214,,A204,,A112,,A035,,A215,,A529,,A535,,A803,,A126
439,CAROLINA,MA,A205,-7.33722221,-47.45972222,192,POINT (-47.45972222 -7.33722221),,A872,,A214,,A204,,A112,,A035,,A215,,A529,,A535,,A803,,A126
440,CASTANHAL,PA,A202,-1.30083333,-47.93083332,65,POINT (-47.93083332 -1.30083333),,A872,,A214,,A204,,A112,,A035,,A215,,A529,,A535,,A803,,A126
441,BELMONTE,BA,A447,-16.08805555,-39.21555555,88,POINT (-39.21555555 -16.08805555),,A872,,A214,,A204,,A112,,A035,,A215,,A529,,A535,,A803,,A126
442,BOM JESUS DA LAPA,BA,A418,-13.41666666,-43.18416666,440,POINT (-43.18416666 -13.41666666),,A872,,A214,,A204,,A112,,A035,,A215,,A529,,A535,,A803,,A126
443,GILBUES,PI,A364,-9.87472221,-45.34638888,425,POINT (-45.34638888 -9.87472221),,A872,,A214,,A204,,A112,,A035,,A215,,A529,,A535,,A803,,A126
444,JOSE BONIFACIO,SP,A735,-21.08555555,-49.92055554,405,POINT (-49.92055554 -21.08555555),,A872,,A214,,A204,,A112,,A035,,A215,,A529,,A535,,A803,,A126
445,AREIA,PB,A310,-6.97499999,-35.68499999,574.62,POINT (-35.68499999 -6.97499999),,A872,,A214,,A204,,A112,,A035,,A215,,A529,,A535,,A803,,A126
446,PARANA,TO,A010,-12.615,-47.87194443,280,POINT (-47.87194443 -12.615),,A872,,A214,,A204,,A112,,A035,,A215,,A529,,A535,,A803,,A126
447,TRAMANDAI,RS,A834,-30.00972222,-50.13527777,1,POINT (-50.13527777 -30.00972222),,A872,,A214,,A204,,A112,,A035,,A215,,A529,,A535,,A803,,A126
448,FORTE DE COPACABANA,RJ,A652,-22.98833333,-43.19027777,42,POINT (-43.19027777 -22.98833333),,A872,,A214,,A204,,A112,,A035,,A215,,A529,,A535,,A803,,A126
449,CALCANHAR,RN,A344,-5.16,-35.45416666,17,POINT (-35.45416666 -5.16),,A872,,A214,,A204,,A112,,A035,,A215,,A529,,A535,,A803,,A126
450,VICOSA,MG,A510,-20.76277777,-42.86388888,712.2,POINT (-42.86388888 -20.76277777),,A872,,A214,,A204,,A112,,A035,,A215,,A529,,A535,,A803,,A126
451,MANTENA,MG,A540,-18.78027777,-40.98583333,213.5,POINT (-40.98583333 -18.78027777),,A872,,A214,,A204,,A112,,A035,,A215,,A529,,A535,,A803,,A126
452,GUANAMBI,BA,A426,-14.20805555,-42.74944444,882,POINT (-42.74944444 -14.20805555),,A872,,A214,,A204,,A112,,A035,,A215,,A529,,A535,,A803,,A126
453,TORRES,RS,A808,-29.35027777,-49.73305554,4.66,POINT (-49.73305554 -29.35027777),,A872,,A214,,A204,,A112,,A035,,A215,,A529,,A535,,A803,,A126
454,SOBRAL,CE,A306,-3.73166666,-40.34555555,109.62,POINT (-40.34555555 -3.73166666),,A872,,A214,,A204,,A112,,A035,,A215,,A529,,A535,,A803,,A126
455,BARRA DO CORDA,MA,A221,-5.50666666,-45.23694444,153,POINT (-45.23694444 -5.50666666),,A872,,A214,,A204,,A112,,A035,,A215,,A529,,A535,,A803,,A126
456,JALES,SP,A733,-20.165,-50.59499999,457,POINT (-50.59499999 -20.165),,A872,,A214,,A204,,A112,,A035,,A215,,A529,,A535,,A803,,A126
457,GUIRATINGA,MT,A932,-16.34166666,-53.76611111,526,POINT (-53.76611111 -16.34166666),,A872,,A214,,A204,,A112,,A035,,A215,,A529,,A535,,A803,,A126
458,IRECE,BA,A424,-11.32888888,-41.86444444,755,POINT (-41.86444444 -11.32888888),,A872,,A214,,A204,,A112,,A035,,A215,,A529,,A535,,A803,,A126
459,LUZIANIA,GO,A012,-16.27222222,-47.96638889,959.5,POINT (-47.96638889 -16.27222222),,A872,,A214,,A204,,A112,,A035,,A215,,A529,,A535,,A803,,A126
460,MACAJUBA,BA,A412,-12.11666666,-40.18333333,380,POINT (-40.18333333 -12.11666666),,A872,,A214,,A204,,A112,,A035,,A215,,A529,,A535,,A803,,A126
461,SANTO ANTONIO DO LESTE,MT,A931,-14.92777777,-53.8836111,648,POINT (-53.8836111 -14.92777777),,A872,,A214,,A204,,A112,,A035,,A215,,A529,,A535,,A803,,A126
462,SORRISO,MT,A904,-12.55,-55.71666666,380,POINT (-55.71666666 -12.55),,A872,,A214,,A204,,A112,,A035,,A215,,A529,,A535,,A803,,A126
463,LUIZ EDUARDO MAGALHAES,BA,A404,-12.15222222,-45.82972221,754.04,POINT (-45.82972221 -12.15222222),,A872,,A214,,A204,,A112,,A035,,A215,,A529,,A535,,A803,,A126
464,CAMETA,PA,A236,-2.2486111,-49.49305555,22,POINT (-49.49305555 -2.2486111),,A872,,A214,,A204,,A112,,A035,,A215,,A529,,A535,,A803,,A126
465,IBIMIRIM,PE,A349,-8.50944444,-37.71138888,448,POINT (-37.71138888 -8.50944444),,A872,,A214,,A204,,A112,,A035,,A215,,A529,,A535,,A803,,A126
466,MIRANDA,MS,A722,-20.38333333,-56.41666666,140,POINT (-56.41666666 -20.38333333),,A872,,A214,,A204,,A112,,A035,,A215,,A529,,A535,,A803,,A126
467,POCO VERDE,SE,A419,-10.73749999,-38.10777777,362,POINT (-38.10777777 -10.73749999),,A872,,A214,,A204,,A112,,A035,,A215,,A529,,A535,,A803,,A126
468,ALTA FLORESTA,MT,A924,-9.84944444,-56.1,289,POINT (-56.1 -9.84944444),,A872,,A214,,A204,,A112,,A035,,A215,,A529,,A535,,A803,,A126
469,TUCUMA,PA,A234,-6.7436111,-51.14222221,317,POINT (-51.14222221 -6.7436111),,A872,,A214,,A204,,A112,,A035,,A215,,A529,,A535,,A803,,A126
470,URUGUAIANA,RS,A809,-29.84249999,-57.08249999,62.31,POINT (-57.08249999 -29.84249999),,A872,,A214,,A204,,A112,,A035,,A215,,A529,,A535,,A803,,A126
471,APODI,RN,A340,-5.62638888,-37.815,150,POINT (-37.815 -5.62638888),,A872,,A214,,A204,,A112,,A035,,A215,,A529,,A535,,A803,,A126
472,CAMPINA VERDE,MG,A519,-19.53916666,-49.51805554,555.2,POINT (-49.51805554 -19.53916666),,A872,,A214,,A204,,A112,,A035,,A215,,A529,,A535,,A803,,A126
906,LAGES,SC,A865,-27.80222222,-50.33555555,955,POINT (-50.33555555 -27.80222222),,A872,,A214,,A204,,A112,,A035,,A215,,A529,,A535,,A803,,A126
941,GAMA (PONTE ALTA),DF,A046,-15.93527777,-48.13749999,990,POINT (-48.13749999 -15.93527777),,A872,,A214,,A204,,A112,,A035,,A215,,A529,,A535,,A803,,A126
948,PIRANHAS,AL,A371,-9.62222221,-37.76722221,187,POINT (-37.76722221 -9.62222221),,A872,,A214,,A204,,A112,,A035,,A215,,A529,,A535,,A803,,A126
950,ZE DOCA,MA,A255,-3.26916666,-45.65111111,45.5,POINT (-45.65111111 -3.26916666),,A872,,A214,,A204,,A112,,A035,,A215,,A529,,A535,,A803,,A126
960,CAMPINA DA LAGOA,PR,B803,-24.57083332,-52.80027777,598,POINT (-52.80027777 -24.57083332),,A872,,A214,,A204,,A112,,A035,,A215,,A529,,A535,,A803,,A126
961,REDENCAO,PA,A254,-8.04333333,-50.00694444,199,POINT (-50.00694444 -8.04333333),,A872,,A214,,A204,,A112,,A035,,A215,,A529,,A535,,A803,,A126
963,ENCRUZILHADA DO SUL,RS,A893,-30.54305555,-52.52472221,427.75,POINT (-52.52472221 -30.54305555),,A872,,A214,,A204,,A112,,A035,,A215,,A529,,A535,,A803,,A126
970,SAO MIGUEL DO ARAGUAIA,GO,A031,-12.82055554,-50.33583333,210,POINT (-50.33583333 -12.82055554),,A872,,A214,,A204,,A112,,A035,,A215,,A529,,A535,,A803,,A126
976,PORTO GRANDE,AP,A244,.69416666,-51.40388888,84.8,POINT (-51.40388888 0.69416666),,A872,,A214,,A204,,A112,,A035,,A215,,A529,,A535,,A803,,A126
979,DIVINOPOLIS,MG,A564,-20.17333332,-44.87499999,796,POINT (-44.87499999 -20.17333332),,A872,,A214,,A204,,A112,,A035,,A215,,A529,,A535,,A803,,A126
996,NOSSA SENHORA DA GLORIA,SE,A453,-10.20777777,-37.43194443,271,POINT (-37.43194443 -10.20777777),,A872,,A214,,A204,,A112,,A035,,A215,,A529,,A535,,A803,,A126
997,GOIOERE,PR,A825,-24.18388888,-53.04888888,481,POINT (-53.04888888 -24.18388888),,A872,,A214,,A204,,A112,,A035,,A215,,A529,,A535,,A803,,A126
1014,SANTA ROSA DO TOCANTINS,TO,A052,-11.42888888,-48.18499999,306,POINT (-48.18499999 -11.42888888),,A872,,A214,,A204,,A112,,A035,,A215,,A529,,A535,,A803,,A126
1015,ECOPORANGA,ES,A631,-18.29138888,-40.73638888,224,POINT (-40.73638888 -18.29138888),,A872,,A214,,A204,,A112,,A035,,A215,,A529,,A535,,A803,,A126
1019,LAGOA DA CONFUSAO,TO,A055,-10.828286,-49.847882,178,POINT (-49.847882 -10.828286),,A872,,A214,,A204,,A112,,A035,,A215,,A529,,A535,,A803,,A126
1027,COLINAS DO TOCANTINS,TO,A049,-8.092708,-48.478605,200,POINT (-48.478605 -8.092708),,A872,,A214,,A204,,A112,,A035,,A215,,A529,,A535,,A803,,A126
1311,ARAGUACU,TO,A054,-12.59222221,-49.5286111,231,POINT (-49.5286111 -12.59222221),,A872,,A214,,A204,,A112,,A035,,A215,,A529,,A535,,A803,,A126
1352,SANTAREM,PA,A250,-2.50277777,-54.72027777,137,POINT (-54.72027777 -2.50277777),,A872,,A214,,A204,,A112,,A035,,A215,,A529,,A535,,A803,,A126
1360,SILVA JARDIM,RJ,A659,-22.64583333,-42.41583333,19,POINT (-42.41583333 -22.64583333),,A872,,A214,,A204,,A112,,A035,,A215,,A529,,A535,,A803,,A126
1377,SAO SEBASTIAO DO PARAISO,MG,A561,-20.91,-47.11416666,845,POINT (-47.11416666 -20.91),,A872,,A214,,A204,,A112,,A035,,A215,,A529,,A535,,A803,,A126
1395,JEREMOABO,BA,A450,-10.08083332,-38.34583333,261,POINT (-38.34583333 -10.08083332),,A872,,A214,,A204,,A112,,A035,,A215,,A529,,A535,,A803,,A126
1407,SAQUAREMA,RJ,A667,-22.8711111,-42.60916666,16,POINT (-42.60916666 -22.8711111),,A872,,A214,,A204,,A112,,A035,,A215,,A529,,A535,,A803,,A126
1429,CURACA,BA,A448,-9.00138888,-39.91277777,370,POINT (-39.91277777 -9.00138888),,A872,,A214,,A204,,A112,,A035,,A215,,A529,,A535,,A803,,A126
1507,CRUZEIRO DO SUL,AC,A108,-7.61055555,-72.405,220,POINT (-72.405 -7.61055555),,A872,,A214,,A204,,A112,,A035,,A215,,A529,,A535,,A803,,A126
1525,PRIMAVERA DO LESTE,MT,A923,-15.57999999,-54.3811111,680,POINT (-54.3811111 -15.57999999),,A872,,A214,,A204,,A112,,A035,,A215,,A529,,A535,,A803,,A126
1526,BRAZLANDIA,DF,A042,-15.59972221,-48.1311111,1143,POINT (-48.1311111 -15.59972221),,A872,,A214,,A204,,A112,,A035,,A215,,A529,,A535,,A803,,A126
1529,COLOMBO,PR,B806,-25.32222221,-49.1575,950,POINT (-49.1575 -25.32222221),,A872,,A214,,A204,,A112,,A035,,A215,,A529,,A535,,A803,,A126
1546,TUPA,SP,A768,-21.92722221,-50.49027777,498,POINT (-50.49027777 -21.92722221),,A872,,A214,,A204,,A112,,A035,,A215,,A529,,A535,,A803,,A126
1552,RANCHO QUEIMADO,SC,A870,-27.6786111,-49.04194444,881,POINT (-49.04194444 -27.6786111),,A872,,A214,,A204,,A112,,A035,,A215,,A529,,A535,,A803,,A126
1559,SETE LAGOAS,MG,A569,-19.455,-44.17333332,719,POINT (-44.17333332 -19.455),,A872,,A214,,A204,,A112,,A035,,A215,,A529,,A535,,A803,,A126
1569,SAO FELIX DO XINGU,PA,A216,-6.63972221,-51.95694444,211,POINT (-51.95694444 -6.63972221),,A872,,A214,,A204,,A112,,A035,,A215,,A529,,A535,,A803,,A126
1571,PEF YAUARETE,AM,S115,.59944444,-69.19194444,F,POINT (-69.19194444 0.59944444),,A872,,A214,,A204,,A112,,A035,,A215,,A529,,A535,,A803,,A126
1579,BALIZA,RR,S113,.94777777,-59.74638888,F,POINT (-59.74638888 0.94777777),,A872,,A214,,A204,,A112,,A035,,A215,,A529,,A535,,A803,,A126
1581,PARANOA (COOPA-DF),DF,A047,-16.01111111,-47.5575,1043,POINT (-47.5575 -16.01111111),,A872,,A214,,A204,,A112,,A035,,A215,,A529,,A535,,A803,,A126
1592,SAO BENTO,MA,S108,-2.7,-44.85,F,POINT (-44.85 -2.7),,A872,,A214,,A204,,A112,,A035,,A215,,A529,,A535,,A803,,A126
1597,XINGUARA,PA,A247,-7.11027777,-49.92583332,245,POINT (-49.92583332 -7.11027777),,A872,,A214,,A204,,A112,,A035,,A215,,A529,,A535,,A803,,A126
1600,DOM ELISEU,PA,S107,-4.28999999,-47.55,F,POINT (-47.55 -4.28999999),,A872,,A214,,A204,,A112,,A035,,A215,,A529,,A535,,A803,,A126
1610,PILAO ARCADO,BA,A449,-10.00222222,-42.47333332,400,POINT (-42.47333332 -10.00222222),,A872,,A214,,A204,,A112,,A035,,A215,,A529,,A535,,A803,,A126
1615,JANUARIA,MG,A559,-15.44805555,-44.36638888,480,POINT (-44.36638888 -15.44805555),,A872,,A214,,A204,,A112,,A035,,A215,,A529,,A535,,A803,,A126
1627,REGISTRO,SP,A766,-24.53305554,-47.86416666,35,POINT (-47.86416666 -24.53305554),,A872,,A214,,A204,,A112,,A035,,A215,,A529,,A535,,A803,,A126
1629,JANAUBA,MG,A563,-15.80277777,-43.29694444,532,POINT (-43.29694444 -15.80277777),,A872,,A214,,A204,,A112,,A035,,A215,,A529,,A535,,A803,,A126
1641,SAO VICENTE DO SUL,RS,A889,-29.70194444,-54.69416666,134,POINT (-54.69416666 -29.70194444),,A872,,A214,,A204,,A112,,A035,,A215,,A529,,A535,,A803,,A126
1648,TRES RIOS,RJ,A625,-22.09833333,-43.20861111,305,POINT (-43.20861111 -22.09833333),,A872,,A214,,A204,,A112,,A035,,A215,,A529,,A535,,A803,,A126
1652,IPANGUACU,RN,A372,-5.53499999,-36.87222221,19,POINT (-36.87222221 -5.53499999),,A872,,A214,,A204,,A112,,A035,,A215,,A529,,A535,,A803,,A126
1653,BAMBUI,MG,A565,-20.0311111,-46.00861111,697,POINT (-46.00861111 -20.0311111),,A872,,A214,,A204,,A112,,A035,,A215,,A529,,A535,,A803,,A126
1656,ITAUBAL,AP,A251,.56777777,-50.8236111,21,POINT (-50.8236111 0.56777777),,A872,,A214,,A204,,A112,,A035,,A215,,A529,,A535,,A803,,A126
1661,PIUM,TO,A051,-10.47694443,-49.62944443,161,POINT (-49.62944443 -10.47694443),,A872,,A214,,A204,,A112,,A035,,A215,,A529,,A535,,A803,,A126
1663,SALGUEIRO,PE,A370,-8.05805555,-39.0961111,447,POINT (-39.0961111 -8.05805555),,A872,,A214,,A204,,A112,,A035,,A215,,A529,,A535,,A803,,A126
1664,BREVES,PA,A228,-1.68027777,-50.47805554,11,POINT (-50.47805554 -1.68027777),,A872,,A214,,A204,,A112,,A035,,A215,,A529,,A535,,A803,,A126
1678,SERAFINA CORREA,RS,A894,-28.70472222,-51.87055554,545,POINT (-51.87055554 -28.70472222),,A872,,A214,,A204,,A112,,A035,,A215,,A529,,A535,,A803,,A126
1680,FORTE PRINCIPE,RO,S101,-12.42999999,-64.41999999,F,POINT (-64.41999999 -12.42999999),,A872,,A214,,A204,,A112,,A035,,A215,,A529,,A535,,A803,,A126
1682,VILA VELHA,ES,A634,-20.46694443,-40.40416666,25,POINT (-40.40416666 -20.46694443),,A872,,A214,,A204,,A112,,A035,,A215,,A529,,A535,,A803,,A126
1696,DTCEA TABATINGA,AM,S105,-4.25055555,-69.93499999,F,POINT (-69.93499999 -4.25055555),,A872,,A214,,A204,,A112,,A035,,A215,,A529,,A535,,A803,,A126
1713,ALMAS,TO,A053,-11.28416666,-47.21222222,512,POINT (-47.21222222 -11.28416666),,A872,,A214,,A204,,A112,,A035,,A215,,A529,,A535,,A803,,A126
1725,DTCEA GUAJARA-MIRIM,RO,S110,-10.78999999,-65.33277777,F,POINT (-65.33277777 -10.78999999),,A872,,A214,,A204,,A112,,A035,,A215,,A529,,A535,,A803,,A126
1735,OLIVEIRA,MG,A570,-20.71472222,-44.86444444,1025,POINT (-44.86444444 -20.71472222),,A872,,A214,,A204,,A112,,A035,,A215,,A529,,A535,,A803,,A126
1740,CACHOEIRA PAULISTA,SP,A769,-22.68888888,-45.00555555,586,POINT (-45.00555555 -22.68888888),,A872,,A214,,A204,,A112,,A035,,A215,,A529,,A535,,A803,,A126
1749,PATOS DE MINAS,MG,A562,-18.52055554,-46.44055555,950,POINT (-46.44055555 -18.52055554),,A872,,A214,,A204,,A112,,A035,,A215,,A529,,A535,,A803,,A126
1759,CRMN MANAUS,AM,S103,-3.02249999,-60.05555555,F,POINT (-60.05555555 -3.02249999),,A872,,A214,,A204,,A112,,A035,,A215,,A529,,A535,,A803,,A126
1765,DRACENA,SP,A762,-21.45777777,-51.55222222,383,POINT (-51.55222222 -21.45777777),,A872,,A214,,A204,,A112,,A035,,A215,,A529,,A535,,A803,,A126
1770,FORMOSO DO RIO PRETO,BA,A452,-11.05222222,-45.20083333,488,POINT (-45.20083333 -11.05222222),,A872,,A214,,A204,,A112,,A035,,A215,,A529,,A535,,A803,,A126
1780,SANTA FE DO ARAGUAIA,TO,A048,-7.12416666,-48.78138888,171,POINT (-48.78138888 -7.12416666),,A872,,A214,,A204,,A112,,A035,,A215,,A529,,A535,,A803,,A126
1783,DTCEA TEFE,AM,S117,-3.37722221,-64.72305554,F,POINT (-64.72305554 -3.37722221),,A872,,A214,,A204,,A112,,A035,,A215,,A529,,A535,,A803,,A126
1790,DTCEA JACAREACANGA,PA,S120,-6.23722221,-57.77499999,F,POINT (-57.77499999 -6.23722221),,A872,,A214,,A204,,A112,,A035,,A215,,A529,,A535,,A803,,A126
1792,ANGRA DOS REIS,RJ,A628,-22.97583332,-44.30333333,6,POINT (-44.30333333 -22.97583332),,A872,,A214,,A204,,A112,,A035,,A215,,A529,,A535,,A803,,A126
1797,RIO DE JANEIRO - JACAREPAGUA,RJ,A636,-22.93972221,-43.40277777,20,POINT (-43.40277777 -22.93972221),,A872,,A214,,A204,,A112,,A035,,A215,,A529,,A535,,A803,,A126
1821,LARANJEIRAS DO SUL,PR,B804,-25.36888888,-52.39194444,835,POINT (-52.39194444 -25.36888888),,A872,,A214,,A204,,A112,,A035,,A215,,A529,,A535,,A803,,A126
1830,PACARAIMA,RR,S114,4.47749999,-61.14916666,F,POINT (-61.14916666 4.47749999),,A872,,A214,,A204,,A112,,A035,,A215,,A529,,A535,,A803,,A126
1844,CAMBARA DO SUL,RS,A897,-29.04888888,-50.14944444,1017,POINT (-50.14944444 -29.04888888),,A872,,A214,,A204,,A112,,A035,,A215,,A529,,A535,,A803,,A126
1856,BRAGANCA PAULISTA,SP,A744,-23.95194444,-46.53055554,891,POINT (-46.53055554 -23.95194444),,A872,,A214,,A204,,A112,,A035,,A215,,A529,,A535,,A803,,A126
1858,RIO SONO,TO,A050,-9.16,-47.13277777,291,POINT (-47.13277777 -9.16),,A872,,A214,,A204,,A112,,A035,,A215,,A529,,A535,,A803,,A126
1861,SAPEZAL,MT,A911,-10.16583333,-59.45111111,105,POINT (-59.45111111 -10.16583333),,A872,,A214,,A204,,A112,,A035,,A215,,A529,,A535,,A803,,A126
1886,MARILIA,SP,A763,-22.23527777,-49.965,660,POINT (-49.965 -22.23527777),,A872,,A214,,A204,,A112,,A035,,A215,,A529,,A535,,A803,,A126
1890,ULIANOPOLIS,PA,S111,-3.8,-47.51,F,POINT (-47.51 -3.8),,A872,,A214,,A204,,A112,,A035,,A215,,A529,,A535,,A803,,A126
1898,TUPANCIRETA,RS,A886,-29.89388888,-53.82666666,462,POINT (-53.82666666 -29.89388888),,A872,,A214,,A204,,A112,,A035,,A215,,A529,,A535,,A803,,A126
1914,ARACUAI,MG,A566,-16.84888888,-45.03527777,308,POINT (-45.03527777 -16.84888888),,A872,,A214,,A204,,A112,,A035,,A215,,A529,,A535,,A803,,A126
1917,SANTA ISABEL DO RIO NEGRO,AM,S121,-.41444444,-65.01749999,F,POINT (-65.01749999 -0.41444444),,A872,,A214,,A204,,A112,,A035,,A215,,A529,,A535,,A803,,A126
1920,VENDA NOVA DO IMIGRANTE,ES,A633,-20.25222222,-41.18999999,722,POINT (-41.18999999 -20.25222222),,A872,,A214,,A204,,A112,,A035,,A215,,A529,,A535,,A803,,A126
1924,MACHADO,MG,A567,-21.68083332,-45.94444444,969,POINT (-45.94444444 -21.68083332),,A872,,A214,,A204,,A112,,A035,,A215,,A529,,A535,,A803,,A126
1935,ITAPORANGA,PB,A373,-7.3186111,-38.14083333,292,POINT (-38.14083333 -7.3186111),,A872,,A214,,A204,,A112,,A035,,A215,,A529,,A535,,A803,,A126
1944,MACAUBAS,BA,A454,-13.03888888,-42.61722221,574,POINT (-42.61722221 -13.03888888),,A872,,A214,,A204,,A112,,A035,,A215,,A529,,A535,,A803,,A126
1982,EDEIA,GO,A029,-17.33694444,-49.91472222,608,POINT (-49.91472222 -17.33694444),,A872,,A214,,A204,,A112,,A035,,A215,,A529,,A535,,A803,,A126
1989,PEF ESTIRAO DO EQUADOR,AM,S116,-4.52999999,-71.61749999,F,POINT (-71.61749999 -4.52999999),,A872,,A214,,A204,,A112,,A035,,A215,,A529,,A535,,A803,,A126
2005,PEF IPIRANGA,AM,S102,-2.93055554,-69.69527777,F,POINT (-69.69527777 -2.93055554),,A872,,A214,,A204,,A112,,A035,,A215,,A529,,A535,,A803,,A126
2006,EB_PEF_BONFIM,MG,S122,3.35888888,-59.82388888,F,POINT (-59.82388888 3.35888888),,A872,,A214,,A204,,A112,,A035,,A215,,A529,,A535,,A803,,A126
2008,ITABAIANA,SE,A451,-10.67166666,-37.47138888,213,POINT (-37.47138888 -10.67166666),,A872,,A214,,A204,,A112,,A035,,A215,,A529,,A535,,A803,,A126
2015,SAO SEBASTIAO,SP,A767,-23.81083333,-45.4025,24,POINT (-45.4025 -23.81083333),,A872,,A214,,A204,,A112,,A035,,A215,,A529,,A535,,A803,,A126
2018,RIO CLARO,RJ,A626,-22.65361111,-44.04083333,516,POINT (-44.04083333 -22.65361111),,A872,,A214,,A204,,A112,,A035,,A215,,A529,,A535,,A803,,A126
2020,BERTIOGA,SP,A765,-23.84499999,-46.14305555,5,POINT (-46.14305555 -23.84499999),,A872,,A214,,A204,,A112,,A035,,A215,,A529,,A535,,A803,,A126
2033,MARILANDIA,ES,A632,-19.40722222,-40.53972221,95,POINT (-40.53972221 -19.40722222),,A872,,A214,,A204,,A112,,A035,,A215,,A529,,A535,,A803,,A126
2040,DTCEA VILHENA,RO,S104,-12.75055555,-60.14916666,F,POINT (-60.14916666 -12.75055555),,A872,,A214,,A204,,A112,,A035,,A215,,A529,,A535,,A803,,A126
2055,UBERABA,MG,A568,-19.71,-47.96166666,778,POINT (-47.96166666 -19.71),,A872,,A214,,A204,,A112,,A035,,A215,,A529,,A535,,A803,,A126
2056,ITATIAIA,RJ,A635,-22.37388888,-44.70305555,2450,POINT (-44.70305555 -22.37388888),,A872,,A214,,A204,,A112,,A035,,A215,,A529,,A535,,A803,,A126
2068,BEBDOURO,SP,A764,-20.94916666,-48.48972221,590,POINT (-48.48972221 -20.94916666),,A872,,A214,,A204,,A112,,A035,,A215,,A529,,A535,,A803,,A126
2069,ITAMARAJU,BA,A455,-17.00722222,-39.55138888,110,POINT (-39.55138888 -17.00722222),,A872,,A214,,A204,,A112,,A035,,A215,,A529,,A535,,A803,,A126
2079,SELVIRIA,MS,S717,-20.351444,-51.430222,374,POINT (-51.430222 -20.351444),,A872,,A214,,A204,,A112,,A035,,A215,,A529,,A535,,A803,,A126
2082,RIBEIRA DO AMPARO,BA,A458,-11.05861111,-38.44416666,182,POINT (-38.44416666 -11.05861111),,A872,,A214,,A204,,A112,,A035,,A215,,A529,,A535,,A803,,A126
2094,NOVA ALVORADA DO SUL,MS,S712,-21.450972,-54.341972,5,POINT (-54.341972 -21.450972),,A872,,A214,,A204,,A112,,A035,,A215,,A529,,A535,,A803,,A126
2114,SAO SIMAO,SP,A770,-21.46111111,-47.57944443,620,POINT (-47.57944443 -21.46111111),,A872,,A214,,A204,,A112,,A035,,A215,,A529,,A535,,A803,,A126
2130,SERRA NOVA DOURADA,MT,A943,-11.98777777,-51.4261111,441,POINT (-51.4261111 -11.98777777),,A872,,A214,,A204,,A112,,A035,,A215,,A529,,A535,,A803,,A126
2132,ALTAMIRA,PA,A253,-3.27027777,-52.39472221,191,POINT (-52.39472221 -3.27027777),,A872,,A214,,A204,,A112,,A035,,A215,,A529,,A535,,A803,,A126
2144,SANTA MARIA MADALENA,RJ,A630,-21.95055555,-42.01027777,517,POINT (-42.01027777 -21.95055555),,A872,,A214,,A204,,A112,,A035,,A215,,A529,,A535,,A803,,A126
2147,NOVO ARIPUANA,AM,A144,-8.0911111,-60.38055554,45,POINT (-60.38055554 -8.0911111),,A872,,A214,,A204,,A112,,A035,,A215,,A529,,A535,,A803,,A126
2155,PORANGATU,GO,A005,-13.309528,-49.117478,365,POINT (-49.117478 -13.309528),,A872,,A214,,A204,,A112,,A035,,A215,,A529,,A535,,A803,,A126
2191,PARACATU,MG,A571,-17.24444444,-46.88166666,705,POINT (-46.88166666 -17.24444444),,A872,,A214,,A204,,A112,,A035,,A215,,A529,,A535,,A803,,A126
2203,ARAL MOREIRA,MS,S702,-22.955028,-55.626,605,POINT (-55.626 -22.955028),,A872,,A214,,A204,,A112,,A035,,A215,,A529,,A535,,A803,,A126
2204,NOVA ANDRADINA,MS,S713,-22.078528,-53.465889,372,POINT (-53.465889 -22.078528),,A872,,A214,,A204,,A112,,A035,,A215,,A529,,A535,,A803,,A126
2209,FATIMA DO SUL,MS,S708,-22.308694,-54.325833,340,POINT (-54.325833 -22.308694),,A872,,A214,,A204,,A112,,A035,,A215,,A529,,A535,,A803,,A126
2213,SALVADOR (RADIO FAROL),BA,A456,-12.80833333,-38.49583333,31,POINT (-38.49583333 -12.80833333),,A872,,A214,,A204,,A112,,A035,,A215,,A529,,A535,,A803,,A126
2237,CORRENTE,PI,A374,-10.42916666,-45.17305554,452,POINT (-45.17305554 -10.42916666),,A872,,A214,,A204,,A112,,A035,,A215,,A529,,A535,,A803,,A126
2271,SAO JOSE DO XINGU,MT,A942,-10.48416666,-52.37249999,300,POINT (-52.37249999 -10.48416666),,A872,,A214,,A204,,A112,,A035,,A215,,A529,,A535,,A803,,A126
2281,ROSARIO OESTE,MT,A944,-14.82888888,-56.44194444,195,POINT (-56.44194444 -14.82888888),,A872,,A214,,A204,,A112,,A035,,A215,,A529,,A535,,A803,,A126
2299,BONITO,MS,S704,-21.246756,-56.450442,329,POINT (-56.450442 -21.246756),,A872,,A214,,A204,,A112,,A035,,A215,,A529,,A535,,A803,,A126
2317,BRASILANDIA,MS,S705,-21.298278,-52.068917,345,POINT (-52.068917 -21.298278),,A872,,A214,,A204,,A112,,A035,,A215,,A529,,A535,,A803,,A126
2329,ANGELICA,MS,S701,-22.148083,-53.763736,347,POINT (-53.763736 -22.148083),,A872,,A214,,A204,,A112,,A035,,A215,,A529,,A535,,A803,,A126
2332,IGUATEMI,MS,S709,-23.644481,-54.570289,319,POINT (-54.570289 -23.644481),,A872,,A214,,A204,,A112,,A035,,A215,,A529,,A535,,A803,,A126
2363,CRISTALINA (FAZENDA SANTA MONICA),GO,A056,-16.39944444,-47.62583332,932,POINT (-47.62583332 -16.39944444),,A872,,A214,,A204,,A112,,A035,,A215,,A529,,A535,,A803,,A126
2396,RIBAS DO RIO PARDO,MS,S715,-20.466694,-53.763028,442,POINT (-53.763028 -20.466694),,A872,,A214,,A204,,A112,,A035,,A215,,A529,,A535,,A803,,A126
2444,CAPAO DO LEAO (PELOTAS),RS,A887,-31.8025,-52.40722222,13,POINT (-52.40722222 -31.8025),,A872,,A214,,A204,,A112,,A035,,A215,,A529,,A535,,A803,,A126
2466,LAGUNA CARAPA,MS,S711,-22.575389,-55.160333,499,POINT (-55.160333 -22.575389),,A872,,A214,,A204,,A112,,A035,,A215,,A529,,A535,,A803,,A126
2469,ITAPORA,MS,S710,-22.092833,-54.798833,360,POINT (-54.798833 -22.092833),,A872,,A214,,A204,,A112,,A035,,A215,,A529,,A535,,A803,,A126
2476,CAMPOS NOVOS,SC,A898,-27.3886111,-51.21583333,963,POINT (-51.21583333 -27.3886111),,A872,,A214,,A204,,A112,,A035,,A215,,A529,,A535,,A803,,A126
2491,PEDRO GOMES,MS,S714,-18.072711,-54.548811,251,POINT (-54.548811 -18.072711),,A872,,A214,,A204,,A112,,A035,,A215,,A529,,A535,,A803,,A126
2494,BAIXA GRANDE DO RIBEIRO,PI,A375,-8.333531,-45.094625,519,POINT (-45.094625 -8.333531),,A872,,A214,,A204,,A112,,A035,,A215,,A529,,A535,,A803,,A126
2542,SAO PAULO - INTERLAGOS,SP,A771,-23.724501,-46.677501,771,POINT (-46.677501 -23.724501),,A872,,A214,,A204,,A112,,A035,,A215,,A529,,A535,,A803,,A126
2562,NITEROI,RJ,A627,-22.867389,-43.102056,6,POINT (-43.102056 -22.867389),,A872,,A214,,A204,,A112,,A035,,A215,,A529,,A535,,A803,,A126
2577,CAMPO MAIOR,PI,A376,-4.86416666,-42.14555555,125,POINT (-42.14555555 -4.86416666),,A872,,A214,,A204,,A112,,A035,,A215,,A529,,A535,,A803,,A126
2582,BANDEIRANTES,MS,S703,-19.945539,-54.368533,624,POINT (-54.368533 -19.945539),,A872,,A214,,A204,,A112,,A035,,A215,,A529,,A535,,A803,,A126
2587,DOM ELISEU,PA,A252,-4.280556,-47.563972,251,POINT (-47.563972 -4.280556),,A872,,A214,,A204,,A112,,A035,,A215,,A529,,A535,,A803,,A126
2588,QUIXADA,CE,A369,-4.978783,-39.057183,193,POINT (-39.057183 -4.978783),,A872,,A214,,A204,,A112,,A035,,A215,,A529,,A535,,A803,,A126
2639,CARMO,RJ,A629,-21.938745,-42.600936,293,POINT (-42.600936 -21.938745),,A872,,A214,,A204,,A112,,A035,,A215,,A529,,A535,,A803,,A126
2642,CAARAPO,MS,S706,-22.657056,-54.819306,456,POINT (-54.819306 -22.657056),,A872,,A214,,A204,,A112,,A035,,A215,,A529,,A535,,A803,,A126
2657,CHAPECO,SC,A895,-27.95527777,-52.63555555,680,POINT (-52.63555555 -27.95527777),,A872,,A214,,A204,,A112,,A035,,A215,,A529,,A535,,A803,,A126
2658,ANGICAL DO PIAUI,PI,A377,-6.08944444,-42.72749999,183,POINT (-42.72749999 -6.08944444),,A872,,A214,,A204,,A112,,A035,,A215,,A529,,A535,,A803,,A126
2659,CAMAPUA,MS,S707,-19.587528,-54.030083,540,POINT (-54.030083 -19.587528),,A872,,A214,,A204,,A112,,A035,,A215,,A529,,A535,,A803,,A126
2660,SANTA RITA DO PARDO,MS,S716,-21.305889,-52.820375,383,POINT (-52.820375 -21.305889),,A872,,A214,,A204,,A112,,A035,,A215,,A529,,A535,,A803,,A126
2665,TIANGUA,CE,A368,-3.732169,-41.011881,756,POINT (-41.011881 -3.732169),,A872,,A214,,A204,,A112,,A035,,A215,,A529,,A535,,A803,,A126
2799,SANTA MARIA DAS BARREIRAS,PA,A256,-8.72972221,-49.85638888,165,POINT (-49.85638888 -8.72972221),,A872,,A214,,A204,,A112,,A035,,A215,,A529,,A535,,A803,,A126
2943,POMPEU,MG,A560,-19.23249999,-44.96416666,705,POINT (-44.96416666 -19.23249999),,A872,,A214,,A204,,A112,,A035,,A215,,A529,,A535,,A803,,A126
